algorithm,Mass,Friction,steps,reward,model
PPO,1.9469496871847145,0.8,60,111.59973603564048,Models/Hopper/Ideal_models/Hopper_PPO_2
PPO,1.9469496871847145,0.8,560,1452.4435632345755,Models/Hopper/Ideal_models/Hopper_PPO_2
PPO,1.9469496871847145,0.8,842,2430.0690336302014,Models/Hopper/Ideal_models/Hopper_PPO_2
PPO,1.9469496871847145,0.8,94,179.0488023649932,Models/Hopper/Ideal_models/Hopper_PPO_2
PPO,1.9469496871847145,0.8,1000,2883.1483171702353,Models/Hopper/Ideal_models/Hopper_PPO_2
PPO,1.9469496871847145,0.8,521,1474.8629203447613,Models/Hopper/Ideal_models/Hopper_PPO_2
PPO,1.9469496871847145,0.8,1000,2856.5478675953805,Models/Hopper/Ideal_models/Hopper_PPO_2
PPO,1.9469496871847145,0.8,116,224.48015717156068,Models/Hopper/Ideal_models/Hopper_PPO_2
