algorithm,Mass,Friction,steps,reward,model
PPO,0.2781356695978161,0.4,453,627.0653513796343,Models/Hopper/Ideal_models/Hopper_PPO_2
PPO,0.2781356695978161,0.4,1000,1185.0547511719114,Models/Hopper/Ideal_models/Hopper_PPO_2
PPO,0.2781356695978161,0.4,1000,1161.8145175631364,Models/Hopper/Ideal_models/Hopper_PPO_2
PPO,0.2781356695978161,0.4,1000,1183.254458264884,Models/Hopper/Ideal_models/Hopper_PPO_2
PPO,0.2781356695978161,0.4,406,584.6346200895815,Models/Hopper/Ideal_models/Hopper_PPO_2
PPO,0.2781356695978161,0.4,1000,1161.805474637537,Models/Hopper/Ideal_models/Hopper_PPO_2
