algorithm,Mass,Friction,steps,reward,model
PPO,0.2781356695978161,2.2,608,742.9960503090188,Models/Hopper/Ideal_models/Hopper_PPO_2
PPO,0.2781356695978161,2.2,1000,1125.521602790869,Models/Hopper/Ideal_models/Hopper_PPO_2
PPO,0.2781356695978161,2.2,586,777.2999623269716,Models/Hopper/Ideal_models/Hopper_PPO_2
PPO,0.2781356695978161,2.2,425,553.5388930362449,Models/Hopper/Ideal_models/Hopper_PPO_2
PPO,0.2781356695978161,2.2,830,987.8644355613103,Models/Hopper/Ideal_models/Hopper_PPO_2
PPO,0.2781356695978161,2.2,1000,1133.3787594248304,Models/Hopper/Ideal_models/Hopper_PPO_2
