algorithm,Mass,Friction,steps,reward,model
PPO,0.2781356695978161,0.8,559,724.1054687870916,Models/Hopper/Ideal_models/Hopper_PPO_2
PPO,0.2781356695978161,0.8,1000,1156.8882901309516,Models/Hopper/Ideal_models/Hopper_PPO_2
PPO,0.2781356695978161,0.8,1000,1154.012724642523,Models/Hopper/Ideal_models/Hopper_PPO_2
PPO,0.2781356695978161,0.8,759,969.8349013101144,Models/Hopper/Ideal_models/Hopper_PPO_2
PPO,0.2781356695978161,0.8,542,690.5449599646234,Models/Hopper/Ideal_models/Hopper_PPO_2
PPO,0.2781356695978161,0.8,151,286.6380897589511,Models/Hopper/Ideal_models/Hopper_PPO_2
PPO,0.2781356695978161,0.8,655,824.0914451259708,Models/Hopper/Ideal_models/Hopper_PPO_2
PPO,0.2781356695978161,0.8,641,784.0534508109097,Models/Hopper/Ideal_models/Hopper_PPO_2
