algorithm,Mass,Friction,steps,reward,model
PPO,0.2781356695978161,1.3,735,923.391542498442,Models/Hopper/Ideal_models/Hopper_PPO_2
PPO,0.2781356695978161,1.3,944,1128.5129118693412,Models/Hopper/Ideal_models/Hopper_PPO_2
PPO,0.2781356695978161,1.3,131,221.7041066754009,Models/Hopper/Ideal_models/Hopper_PPO_2
PPO,0.2781356695978161,1.3,1000,1167.0788089443142,Models/Hopper/Ideal_models/Hopper_PPO_2
PPO,0.2781356695978161,1.3,524,722.6903227217456,Models/Hopper/Ideal_models/Hopper_PPO_2
PPO,0.2781356695978161,1.3,444,625.5575646422262,Models/Hopper/Ideal_models/Hopper_PPO_2
PPO,0.2781356695978161,1.3,553,715.5382614606331,Models/Hopper/Ideal_models/Hopper_PPO_2
PPO,0.2781356695978161,1.3,579,766.6625272749795,Models/Hopper/Ideal_models/Hopper_PPO_2
PPO,0.2781356695978161,1.3,54,140.0576796701962,Models/Hopper/Ideal_models/Hopper_PPO_2
