algorithm,Mass,Friction,steps,reward,model
PPO,0.2781356695978161,1.7,793,965.658529099057,Models/Hopper/Ideal_models/Hopper_PPO_2
PPO,0.2781356695978161,1.7,422,586.3510941232134,Models/Hopper/Ideal_models/Hopper_PPO_2
PPO,0.2781356695978161,1.7,53,134.70806465750525,Models/Hopper/Ideal_models/Hopper_PPO_2
PPO,0.2781356695978161,1.7,682,866.9231136781962,Models/Hopper/Ideal_models/Hopper_PPO_2
PPO,0.2781356695978161,1.7,1000,1146.6451216100663,Models/Hopper/Ideal_models/Hopper_PPO_2
PPO,0.2781356695978161,1.7,923,1102.8239359726545,Models/Hopper/Ideal_models/Hopper_PPO_2
PPO,0.2781356695978161,1.7,633,800.0933189820562,Models/Hopper/Ideal_models/Hopper_PPO_2
PPO,0.2781356695978161,1.7,577,753.6771832930087,Models/Hopper/Ideal_models/Hopper_PPO_2
