algorithm,Mass,Friction,steps,reward,model
PPO,0.2781356695978161,0.0,334,505.75510150070863,Models/Hopper/Ideal_models/Hopper_PPO_2
PPO,0.2781356695978161,0.0,1000,1181.3481406531607,Models/Hopper/Ideal_models/Hopper_PPO_2
PPO,0.2781356695978161,0.0,647,845.4296886539923,Models/Hopper/Ideal_models/Hopper_PPO_2
PPO,0.2781356695978161,0.0,547,735.9798436556381,Models/Hopper/Ideal_models/Hopper_PPO_2
PPO,0.2781356695978161,0.0,1000,1193.262661419289,Models/Hopper/Ideal_models/Hopper_PPO_2
PPO,0.2781356695978161,0.0,1000,1177.0739495902687,Models/Hopper/Ideal_models/Hopper_PPO_2
PPO,0.2781356695978161,0.0,1000,1176.070194586129,Models/Hopper/Ideal_models/Hopper_PPO_2
