algorithm,Mass,Friction,steps,reward,model
PPO,1.9469496871847145,1.0,595,1743.7073547518962,Models/Hopper/Ideal_models/Hopper_PPO_2
PPO,1.9469496871847145,1.0,1000,2754.47248297173,Models/Hopper/Ideal_models/Hopper_PPO_2
PPO,1.9469496871847145,1.0,1000,2799.900319513374,Models/Hopper/Ideal_models/Hopper_PPO_2
PPO,1.9469496871847145,1.0,393,988.5576745802314,Models/Hopper/Ideal_models/Hopper_PPO_2
PPO,1.9469496871847145,1.0,534,1495.4287703968932,Models/Hopper/Ideal_models/Hopper_PPO_2
PPO,1.9469496871847145,1.0,893,2355.749976971423,Models/Hopper/Ideal_models/Hopper_PPO_2
