algorithm,Mass,Friction,steps,reward,model
PPO,0.2781356695978161,1.0,1000,1171.367663225219,Models/Hopper/Ideal_models/Hopper_PPO_2
PPO,0.2781356695978161,1.0,609,820.6183998425943,Models/Hopper/Ideal_models/Hopper_PPO_2
PPO,0.2781356695978161,1.0,232,400.29020058875744,Models/Hopper/Ideal_models/Hopper_PPO_2
PPO,0.2781356695978161,1.0,812,982.7330002497603,Models/Hopper/Ideal_models/Hopper_PPO_2
PPO,0.2781356695978161,1.0,586,771.9463358134343,Models/Hopper/Ideal_models/Hopper_PPO_2
PPO,0.2781356695978161,1.0,1000,1187.8433968692214,Models/Hopper/Ideal_models/Hopper_PPO_2
PPO,0.2781356695978161,1.0,359,540.6266703628403,Models/Hopper/Ideal_models/Hopper_PPO_2
PPO,0.2781356695978161,1.0,458,648.7296131121273,Models/Hopper/Ideal_models/Hopper_PPO_2
