algorithm,Mass,Friction,steps,reward,model
PPO,1.9469496871847145,2.2,1000,2812.1979130042046,Models/Hopper/Ideal_models/Hopper_PPO_2
PPO,1.9469496871847145,2.2,441,1141.3687271987615,Models/Hopper/Ideal_models/Hopper_PPO_2
PPO,1.9469496871847145,2.2,140,260.5735618896447,Models/Hopper/Ideal_models/Hopper_PPO_2
PPO,1.9469496871847145,2.2,326,796.4548360297031,Models/Hopper/Ideal_models/Hopper_PPO_2
PPO,1.9469496871847145,2.2,1000,2751.9607282218335,Models/Hopper/Ideal_models/Hopper_PPO_2
PPO,1.9469496871847145,2.2,416,1038.2675236602531,Models/Hopper/Ideal_models/Hopper_PPO_2
PPO,1.9469496871847145,2.2,327,817.6077106901375,Models/Hopper/Ideal_models/Hopper_PPO_2
PPO,1.9469496871847145,2.2,976,2735.32172384951,Models/Hopper/Ideal_models/Hopper_PPO_2
PPO,1.9469496871847145,2.2,837,2394.1976703268847,Models/Hopper/Ideal_models/Hopper_PPO_2
