algorithm,Mass,Friction,steps,reward,model
PPO,2.8405233576207722,2.2,183,392.5615139520012,Models/Hopper/Ideal_models/Hopper_model_PPO
PPO,2.8405233576207722,2.2,127,269.56708731127435,Models/Hopper/Ideal_models/Hopper_model_PPO
PPO,2.8405233576207722,2.2,174,388.7210184817544,Models/Hopper/Ideal_models/Hopper_model_PPO
PPO,2.8405233576207722,2.2,1000,2552.632276029896,Models/Hopper/Ideal_models/Hopper_model_PPO
PPO,2.8405233576207722,2.2,261,696.4139597692956,Models/Hopper/Ideal_models/Hopper_model_PPO
PPO,2.8405233576207722,2.2,709,1998.9722087888797,Models/Hopper/Ideal_models/Hopper_model_PPO
PPO,2.8405233576207722,2.2,297,803.3766725650414,Models/Hopper/Ideal_models/Hopper_model_PPO
PPO,2.8405233576207722,2.2,178,376.3641286191587,Models/Hopper/Ideal_models/Hopper_model_PPO
PPO,2.8405233576207722,2.2,583,1556.5429078183915,Models/Hopper/Ideal_models/Hopper_model_PPO
PPO,2.8405233576207722,2.2,429,1001.8248198134311,Models/Hopper/Ideal_models/Hopper_model_PPO
PPO,2.8405233576207722,2.2,444,999.2852048002924,Models/Hopper/Ideal_models/Hopper_model_PPO
PPO,2.8405233576207722,2.2,494,1167.8667010307413,Models/Hopper/Ideal_models/Hopper_model_PPO
