algorithm,Mass,Friction,steps,reward,model
PPO,2.8405233576207722,0.4,142,360.3702352770964,Models/Hopper/Ideal_models/Hopper_model_PPO
PPO,2.8405233576207722,0.4,212,579.9302897520487,Models/Hopper/Ideal_models/Hopper_model_PPO
PPO,2.8405233576207722,0.4,172,466.3756608899953,Models/Hopper/Ideal_models/Hopper_model_PPO
PPO,2.8405233576207722,0.4,182,500.0753802672409,Models/Hopper/Ideal_models/Hopper_model_PPO
PPO,2.8405233576207722,0.4,131,314.42035511906397,Models/Hopper/Ideal_models/Hopper_model_PPO
PPO,2.8405233576207722,0.4,364,1111.5680920100158,Models/Hopper/Ideal_models/Hopper_model_PPO
PPO,2.8405233576207722,0.4,362,1133.847758948627,Models/Hopper/Ideal_models/Hopper_model_PPO
PPO,2.8405233576207722,0.4,376,1047.5500492769688,Models/Hopper/Ideal_models/Hopper_model_PPO
PPO,2.8405233576207722,0.4,168,446.8395204362609,Models/Hopper/Ideal_models/Hopper_model_PPO
PPO,2.8405233576207722,0.4,493,1460.6708865678627,Models/Hopper/Ideal_models/Hopper_model_PPO
PPO,2.8405233576207722,0.4,130,326.6148709074662,Models/Hopper/Ideal_models/Hopper_model_PPO
PPO,2.8405233576207722,0.4,207,565.483288172285,Models/Hopper/Ideal_models/Hopper_model_PPO
PPO,2.8405233576207722,0.4,531,1638.3416478140684,Models/Hopper/Ideal_models/Hopper_model_PPO
PPO,2.8405233576207722,0.4,170,469.84519247412663,Models/Hopper/Ideal_models/Hopper_model_PPO
PPO,2.8405233576207722,0.4,191,524.7174559942177,Models/Hopper/Ideal_models/Hopper_model_PPO
PPO,2.8405233576207722,0.4,138,334.55142068299887,Models/Hopper/Ideal_models/Hopper_model_PPO
PPO,2.8405233576207722,0.4,956,2744.740919193322,Models/Hopper/Ideal_models/Hopper_model_PPO
PPO,2.8405233576207722,0.4,402,1216.6016203832883,Models/Hopper/Ideal_models/Hopper_model_PPO
PPO,2.8405233576207722,0.4,347,1053.8234308827987,Models/Hopper/Ideal_models/Hopper_model_PPO
