algorithm,Mass,Friction,steps,reward,model
PPO,6.086835766330227,0.0,237,684.7909939108953,Models/Hopper/Ideal_models/Hopper_model_PPO
PPO,6.086835766330227,0.0,234,725.3564365221947,Models/Hopper/Ideal_models/Hopper_model_PPO
PPO,6.086835766330227,0.0,171,453.59027812164527,Models/Hopper/Ideal_models/Hopper_model_PPO
PPO,6.086835766330227,0.0,241,734.0722578267212,Models/Hopper/Ideal_models/Hopper_model_PPO
PPO,6.086835766330227,0.0,190,530.4693793306251,Models/Hopper/Ideal_models/Hopper_model_PPO
PPO,6.086835766330227,0.0,237,725.6533363765789,Models/Hopper/Ideal_models/Hopper_model_PPO
PPO,6.086835766330227,0.0,254,787.9006752955706,Models/Hopper/Ideal_models/Hopper_model_PPO
PPO,6.086835766330227,0.0,191,539.6760000864815,Models/Hopper/Ideal_models/Hopper_model_PPO
PPO,6.086835766330227,0.0,167,458.6978235144725,Models/Hopper/Ideal_models/Hopper_model_PPO
PPO,6.086835766330227,0.0,252,766.8562504375517,Models/Hopper/Ideal_models/Hopper_model_PPO
PPO,6.086835766330227,0.0,172,488.42912870372754,Models/Hopper/Ideal_models/Hopper_model_PPO
PPO,6.086835766330227,0.0,235,735.2581371882616,Models/Hopper/Ideal_models/Hopper_model_PPO
PPO,6.086835766330227,0.0,190,535.8484235944823,Models/Hopper/Ideal_models/Hopper_model_PPO
PPO,6.086835766330227,0.0,199,571.5381357639958,Models/Hopper/Ideal_models/Hopper_model_PPO
PPO,6.086835766330227,0.0,227,695.1585387012265,Models/Hopper/Ideal_models/Hopper_model_PPO
PPO,6.086835766330227,0.0,240,675.9386699100073,Models/Hopper/Ideal_models/Hopper_model_PPO
PPO,6.086835766330227,0.0,179,491.22052888272174,Models/Hopper/Ideal_models/Hopper_model_PPO
PPO,6.086835766330227,0.0,193,556.7546953084047,Models/Hopper/Ideal_models/Hopper_model_PPO
PPO,6.086835766330227,0.0,189,559.9546960456453,Models/Hopper/Ideal_models/Hopper_model_PPO
PPO,6.086835766330227,0.0,338,1050.7608155446437,Models/Hopper/Ideal_models/Hopper_model_PPO
PPO,6.086835766330227,0.0,242,746.9616764743212,Models/Hopper/Ideal_models/Hopper_model_PPO
PPO,6.086835766330227,0.0,256,794.37100048614,Models/Hopper/Ideal_models/Hopper_model_PPO
PPO,6.086835766330227,0.0,199,594.2213656653548,Models/Hopper/Ideal_models/Hopper_model_PPO
PPO,6.086835766330227,0.0,202,592.7980231580491,Models/Hopper/Ideal_models/Hopper_model_PPO
PPO,6.086835766330227,0.0,230,696.8951359983985,Models/Hopper/Ideal_models/Hopper_model_PPO
PPO,6.086835766330227,0.0,203,599.7139380115468,Models/Hopper/Ideal_models/Hopper_model_PPO
