algorithm,Mass,Friction,steps,reward,model
PPO,2.8405233576207722,2.5,259,709.1368827737962,Models/Hopper/Ideal_models/Hopper_model_PPO
PPO,2.8405233576207722,2.5,254,704.2041787886384,Models/Hopper/Ideal_models/Hopper_model_PPO
PPO,2.8405233576207722,2.5,261,770.9705167834616,Models/Hopper/Ideal_models/Hopper_model_PPO
PPO,2.8405233576207722,2.5,262,708.707455402216,Models/Hopper/Ideal_models/Hopper_model_PPO
PPO,2.8405233576207722,2.5,256,708.4662658570778,Models/Hopper/Ideal_models/Hopper_model_PPO
PPO,2.8405233576207722,2.5,118,253.4342153224061,Models/Hopper/Ideal_models/Hopper_model_PPO
PPO,2.8405233576207722,2.5,255,721.7146455598545,Models/Hopper/Ideal_models/Hopper_model_PPO
PPO,2.8405233576207722,2.5,262,766.8091272721595,Models/Hopper/Ideal_models/Hopper_model_PPO
PPO,2.8405233576207722,2.5,265,716.3049947603927,Models/Hopper/Ideal_models/Hopper_model_PPO
PPO,2.8405233576207722,2.5,271,812.6423397290721,Models/Hopper/Ideal_models/Hopper_model_PPO
PPO,2.8405233576207722,2.5,261,734.1907714796441,Models/Hopper/Ideal_models/Hopper_model_PPO
PPO,2.8405233576207722,2.5,258,702.6995034277948,Models/Hopper/Ideal_models/Hopper_model_PPO
PPO,2.8405233576207722,2.5,269,713.0830712984512,Models/Hopper/Ideal_models/Hopper_model_PPO
PPO,2.8405233576207722,2.5,252,731.6040566712786,Models/Hopper/Ideal_models/Hopper_model_PPO
PPO,2.8405233576207722,2.5,231,619.4032274463643,Models/Hopper/Ideal_models/Hopper_model_PPO
PPO,2.8405233576207722,2.5,295,892.3413540971388,Models/Hopper/Ideal_models/Hopper_model_PPO
PPO,2.8405233576207722,2.5,267,694.7235963829831,Models/Hopper/Ideal_models/Hopper_model_PPO
PPO,2.8405233576207722,2.5,235,717.9466031994964,Models/Hopper/Ideal_models/Hopper_model_PPO
PPO,2.8405233576207722,2.5,255,711.4171577262105,Models/Hopper/Ideal_models/Hopper_model_PPO
PPO,2.8405233576207722,2.5,260,730.7024218816077,Models/Hopper/Ideal_models/Hopper_model_PPO
PPO,2.8405233576207722,2.5,475,1171.282441832056,Models/Hopper/Ideal_models/Hopper_model_PPO
PPO,2.8405233576207722,2.5,206,496.9135157158098,Models/Hopper/Ideal_models/Hopper_model_PPO
