algorithm,Mass,Friction,steps,reward,model
PPO,2.8405233576207722,2.0,1000,2805.0132774792137,Models/Hopper/Ideal_models/Hopper_model_PPO
PPO,2.8405233576207722,2.0,354,1115.5297637517447,Models/Hopper/Ideal_models/Hopper_model_PPO
PPO,2.8405233576207722,2.0,171,448.1235565843631,Models/Hopper/Ideal_models/Hopper_model_PPO
PPO,2.8405233576207722,2.0,174,465.2768573623425,Models/Hopper/Ideal_models/Hopper_model_PPO
PPO,2.8405233576207722,2.0,163,412.7454964332901,Models/Hopper/Ideal_models/Hopper_model_PPO
PPO,2.8405233576207722,2.0,138,335.23746678751195,Models/Hopper/Ideal_models/Hopper_model_PPO
PPO,2.8405233576207722,2.0,145,362.9805948488385,Models/Hopper/Ideal_models/Hopper_model_PPO
PPO,2.8405233576207722,2.0,163,425.76059901426373,Models/Hopper/Ideal_models/Hopper_model_PPO
PPO,2.8405233576207722,2.0,368,1142.0296318982655,Models/Hopper/Ideal_models/Hopper_model_PPO
PPO,2.8405233576207722,2.0,597,1717.1111166598257,Models/Hopper/Ideal_models/Hopper_model_PPO
PPO,2.8405233576207722,2.0,178,479.8288187901089,Models/Hopper/Ideal_models/Hopper_model_PPO
PPO,2.8405233576207722,2.0,144,360.70238345701,Models/Hopper/Ideal_models/Hopper_model_PPO
PPO,2.8405233576207722,2.0,212,569.395322992159,Models/Hopper/Ideal_models/Hopper_model_PPO
PPO,2.8405233576207722,2.0,208,564.1010235464069,Models/Hopper/Ideal_models/Hopper_model_PPO
PPO,2.8405233576207722,2.0,715,1932.9042950543212,Models/Hopper/Ideal_models/Hopper_model_PPO
PPO,2.8405233576207722,2.0,347,1044.7192153223518,Models/Hopper/Ideal_models/Hopper_model_PPO
PPO,2.8405233576207722,2.0,385,1144.1120589221223,Models/Hopper/Ideal_models/Hopper_model_PPO
PPO,2.8405233576207722,2.0,293,853.8004390840642,Models/Hopper/Ideal_models/Hopper_model_PPO
