algorithm,Mass,Friction,steps,reward,model
PPO,2.028945255443409,2.5,268,537.8804055215875,Models/Hopper/Ideal_models/Hopper_PPO_2
PPO,2.028945255443409,2.5,1000,2655.7097636462627,Models/Hopper/Ideal_models/Hopper_PPO_2
PPO,2.028945255443409,2.5,557,612.135427801978,Models/Hopper/Ideal_models/Hopper_PPO_2
PPO,2.028945255443409,2.5,144,237.13998155711306,Models/Hopper/Ideal_models/Hopper_PPO_2
PPO,2.028945255443409,2.5,612,1166.2271422754511,Models/Hopper/Ideal_models/Hopper_PPO_2
PPO,2.028945255443409,2.5,748,1973.0380309723228,Models/Hopper/Ideal_models/Hopper_PPO_2
PPO,2.028945255443409,2.5,242,467.83122558747937,Models/Hopper/Ideal_models/Hopper_PPO_2
PPO,2.028945255443409,2.5,1000,2661.7732825635308,Models/Hopper/Ideal_models/Hopper_PPO_2
PPO,2.028945255443409,2.5,1000,2491.787771959032,Models/Hopper/Ideal_models/Hopper_PPO_2
