algorithm,Mass,Friction,steps,reward,model
PPO,2.8405233576207722,1.0,1000,2809.5962375668337,Models/Hopper/Ideal_models/Hopper_PPO_2
PPO,2.8405233576207722,1.0,796,2026.8964210476129,Models/Hopper/Ideal_models/Hopper_PPO_2
PPO,2.8405233576207722,1.0,128,239.70696519361536,Models/Hopper/Ideal_models/Hopper_PPO_2
PPO,2.8405233576207722,1.0,731,2070.8467943317028,Models/Hopper/Ideal_models/Hopper_PPO_2
PPO,2.8405233576207722,1.0,1000,2779.98595277169,Models/Hopper/Ideal_models/Hopper_PPO_2
PPO,2.8405233576207722,1.0,570,1484.0769214168147,Models/Hopper/Ideal_models/Hopper_PPO_2
PPO,2.8405233576207722,1.0,993,3017.343002313595,Models/Hopper/Ideal_models/Hopper_PPO_2
