algorithm,Mass,Friction,steps,reward,model
PPO,2.8405233576207722,1.3,657,1767.1285915244878,Models/Hopper/Ideal_models/Hopper_PPO_2
PPO,2.8405233576207722,1.3,1000,2729.366800309377,Models/Hopper/Ideal_models/Hopper_PPO_2
PPO,2.8405233576207722,1.3,448,1302.0029758409157,Models/Hopper/Ideal_models/Hopper_PPO_2
PPO,2.8405233576207722,1.3,957,2988.1696586793432,Models/Hopper/Ideal_models/Hopper_PPO_2
PPO,2.8405233576207722,1.3,393,1008.4707531671995,Models/Hopper/Ideal_models/Hopper_PPO_2
PPO,2.8405233576207722,1.3,411,1277.8102249901092,Models/Hopper/Ideal_models/Hopper_PPO_2
PPO,2.8405233576207722,1.3,282,655.428536835966,Models/Hopper/Ideal_models/Hopper_PPO_2
