algorithm,Mass,Friction,steps,reward,model
PPO,0.4057890510886817,1.7,300,436.19382638051326,Models/Hopper/Ideal_models/Hopper_PPO_2
PPO,0.4057890510886817,1.7,159,290.3116896659953,Models/Hopper/Ideal_models/Hopper_PPO_2
PPO,0.4057890510886817,1.7,106,254.57788102025734,Models/Hopper/Ideal_models/Hopper_PPO_2
PPO,0.4057890510886817,1.7,516,670.5573353682066,Models/Hopper/Ideal_models/Hopper_PPO_2
PPO,0.4057890510886817,1.7,985,1186.173212912454,Models/Hopper/Ideal_models/Hopper_PPO_2
PPO,0.4057890510886817,1.7,929,1074.9698960452374,Models/Hopper/Ideal_models/Hopper_PPO_2
PPO,0.4057890510886817,1.7,1000,1126.8614324087575,Models/Hopper/Ideal_models/Hopper_PPO_2
PPO,0.4057890510886817,1.7,385,518.8269574936628,Models/Hopper/Ideal_models/Hopper_PPO_2
PPO,0.4057890510886817,1.7,85,186.88701202374273,Models/Hopper/Ideal_models/Hopper_PPO_2
