algorithm,Mass,Friction,steps,reward,model
PPO,2.8405233576207722,0.0,1000,2726.6809201776314,Models/Hopper/Ideal_models/Hopper_PPO_2
PPO,2.8405233576207722,0.0,1000,2721.9901536051175,Models/Hopper/Ideal_models/Hopper_PPO_2
PPO,2.8405233576207722,0.0,94,178.2101496191253,Models/Hopper/Ideal_models/Hopper_PPO_2
PPO,2.8405233576207722,0.0,1000,2907.254648787641,Models/Hopper/Ideal_models/Hopper_PPO_2
PPO,2.8405233576207722,0.0,91,175.42599232388102,Models/Hopper/Ideal_models/Hopper_PPO_2
PPO,2.8405233576207722,0.0,1000,2872.0956546134234,Models/Hopper/Ideal_models/Hopper_PPO_2
PPO,2.8405233576207722,0.0,1000,2697.9735136287904,Models/Hopper/Ideal_models/Hopper_PPO_2
