algorithm,Mass,Friction,steps,reward,model
PPO,0.4057890510886817,0.0,922,1046.1141608026994,Models/Hopper/Ideal_models/Hopper_PPO_2
PPO,0.4057890510886817,0.0,109,263.2953968688364,Models/Hopper/Ideal_models/Hopper_PPO_2
PPO,0.4057890510886817,0.0,947,1075.2898755690833,Models/Hopper/Ideal_models/Hopper_PPO_2
PPO,0.4057890510886817,0.0,83,197.0403624950227,Models/Hopper/Ideal_models/Hopper_PPO_2
PPO,0.4057890510886817,0.0,765,911.7106748403378,Models/Hopper/Ideal_models/Hopper_PPO_2
PPO,0.4057890510886817,0.0,230,359.99875491085197,Models/Hopper/Ideal_models/Hopper_PPO_2
PPO,0.4057890510886817,0.0,702,835.4716076358949,Models/Hopper/Ideal_models/Hopper_PPO_2
PPO,0.4057890510886817,0.0,828,961.5470675458741,Models/Hopper/Ideal_models/Hopper_PPO_2
