algorithm,Mass,Friction,steps,reward,model
PPO,2.8405233576207722,0.8,400,959.8632904439776,Models/Hopper/Ideal_models/Hopper_PPO_2
PPO,2.8405233576207722,0.8,599,1716.3351841248625,Models/Hopper/Ideal_models/Hopper_PPO_2
PPO,2.8405233576207722,0.8,494,1274.3201189233027,Models/Hopper/Ideal_models/Hopper_PPO_2
PPO,2.8405233576207722,0.8,103,192.72954485444475,Models/Hopper/Ideal_models/Hopper_PPO_2
PPO,2.8405233576207722,0.8,1000,2756.4290753641058,Models/Hopper/Ideal_models/Hopper_PPO_2
PPO,2.8405233576207722,0.8,1000,2878.838575275894,Models/Hopper/Ideal_models/Hopper_PPO_2
PPO,2.8405233576207722,0.8,438,1266.1463369191079,Models/Hopper/Ideal_models/Hopper_PPO_2
