algorithm,Mass,Friction,steps,reward,model
PPO,2.1571129707112977,0.32000000000000006,1000,3010.325422007758,Models/HalfCitah_models/Ideal_models/HalfCheetah
PPO,2.1571129707112977,0.32000000000000006,1000,3085.1332392734685,Models/HalfCitah_models/Ideal_models/HalfCheetah
PPO,2.1571129707112977,0.32000000000000006,1000,3033.5577692927627,Models/HalfCitah_models/Ideal_models/HalfCheetah
PPO,2.1571129707112977,0.32000000000000006,1000,3061.737134250263,Models/HalfCitah_models/Ideal_models/HalfCheetah
PPO,2.1571129707112977,0.32000000000000006,1000,2995.637242363392,Models/HalfCitah_models/Ideal_models/HalfCheetah
PPO,2.1571129707112977,0.32000000000000006,1000,3003.872191276426,Models/HalfCitah_models/Ideal_models/HalfCheetah
PPO,2.1571129707112977,0.32000000000000006,1000,3041.885532925317,Models/HalfCitah_models/Ideal_models/HalfCheetah
PPO,2.1571129707112977,0.32000000000000006,1000,2456.2651650142066,Models/HalfCitah_models/Ideal_models/HalfCheetah
PPO,2.1571129707112977,0.32000000000000006,1000,3052.8368496221156,Models/HalfCitah_models/Ideal_models/HalfCheetah
PPO,2.1571129707112977,0.32000000000000006,1000,3072.0985432676007,Models/HalfCitah_models/Ideal_models/HalfCheetah
PPO,2.1571129707112977,0.32000000000000006,1000,3068.5998050371527,Models/HalfCitah_models/Ideal_models/HalfCheetah
PPO,2.1571129707112977,0.32000000000000006,1000,3068.4375667707845,Models/HalfCitah_models/Ideal_models/HalfCheetah
PPO,2.1571129707112977,0.32000000000000006,1000,3015.651837062144,Models/HalfCitah_models/Ideal_models/HalfCheetah
PPO,2.1571129707112977,0.32000000000000006,1000,2972.094204666941,Models/HalfCitah_models/Ideal_models/HalfCheetah
PPO,2.1571129707112977,0.32000000000000006,1000,3056.9200035321855,Models/HalfCitah_models/Ideal_models/HalfCheetah
