algorithm,Mass,Friction,steps,reward,model
PPO,1.7256903765690381,0.8800000000000001,1000,597.4078493572922,Models/HalfCitah_models/Ideal_models/HalfCheetah
PPO,1.7256903765690381,0.8800000000000001,1000,2030.1132855181665,Models/HalfCitah_models/Ideal_models/HalfCheetah
PPO,1.7256903765690381,0.8800000000000001,1000,593.689281772617,Models/HalfCitah_models/Ideal_models/HalfCheetah
PPO,1.7256903765690381,0.8800000000000001,1000,828.9068083617791,Models/HalfCitah_models/Ideal_models/HalfCheetah
PPO,1.7256903765690381,0.8800000000000001,1000,809.7811895093492,Models/HalfCitah_models/Ideal_models/HalfCheetah
PPO,1.7256903765690381,0.8800000000000001,1000,1201.8654004777688,Models/HalfCitah_models/Ideal_models/HalfCheetah
PPO,1.7256903765690381,0.8800000000000001,1000,827.4994753830318,Models/HalfCitah_models/Ideal_models/HalfCheetah
PPO,1.7256903765690381,0.8800000000000001,1000,542.5987835037328,Models/HalfCitah_models/Ideal_models/HalfCheetah
PPO,1.7256903765690381,0.8800000000000001,1000,720.5739368214704,Models/HalfCitah_models/Ideal_models/HalfCheetah
PPO,1.7256903765690381,0.8800000000000001,1000,1118.5909977407368,Models/HalfCitah_models/Ideal_models/HalfCheetah
PPO,1.7256903765690381,0.8800000000000001,1000,850.5425393903631,Models/HalfCitah_models/Ideal_models/HalfCheetah
PPO,1.7256903765690381,0.8800000000000001,1000,535.5122566498756,Models/HalfCitah_models/Ideal_models/HalfCheetah
PPO,1.7256903765690381,0.8800000000000001,1000,531.343034959191,Models/HalfCitah_models/Ideal_models/HalfCheetah
PPO,1.7256903765690381,0.8800000000000001,1000,1065.7462729401173,Models/HalfCitah_models/Ideal_models/HalfCheetah
PPO,1.7256903765690381,0.8800000000000001,1000,981.384011566864,Models/HalfCitah_models/Ideal_models/HalfCheetah
