algorithm,Mass,Friction,steps,reward,model
PPO,2.1571129707112977,0.04000000000000001,1000,3033.4493872225876,Models/HalfCitah_models/Ideal_models/HalfCheetah
PPO,2.1571129707112977,0.04000000000000001,1000,3087.2921700335964,Models/HalfCitah_models/Ideal_models/HalfCheetah
PPO,2.1571129707112977,0.04000000000000001,1000,3096.9082410361807,Models/HalfCitah_models/Ideal_models/HalfCheetah
PPO,2.1571129707112977,0.04000000000000001,1000,3052.222080885981,Models/HalfCitah_models/Ideal_models/HalfCheetah
PPO,2.1571129707112977,0.04000000000000001,1000,1750.3531257059112,Models/HalfCitah_models/Ideal_models/HalfCheetah
PPO,2.1571129707112977,0.04000000000000001,1000,3068.6938781077215,Models/HalfCitah_models/Ideal_models/HalfCheetah
PPO,2.1571129707112977,0.04000000000000001,1000,3022.2527473347545,Models/HalfCitah_models/Ideal_models/HalfCheetah
PPO,2.1571129707112977,0.04000000000000001,1000,2694.002405634058,Models/HalfCitah_models/Ideal_models/HalfCheetah
PPO,2.1571129707112977,0.04000000000000001,1000,1797.0131361145777,Models/HalfCitah_models/Ideal_models/HalfCheetah
PPO,2.1571129707112977,0.04000000000000001,1000,3070.5212000278957,Models/HalfCitah_models/Ideal_models/HalfCheetah
PPO,2.1571129707112977,0.04000000000000001,1000,3022.967650955898,Models/HalfCitah_models/Ideal_models/HalfCheetah
PPO,2.1571129707112977,0.04000000000000001,1000,3021.2827613270065,Models/HalfCitah_models/Ideal_models/HalfCheetah
PPO,2.1571129707112977,0.04000000000000001,1000,2994.4271069410556,Models/HalfCitah_models/Ideal_models/HalfCheetah
PPO,2.1571129707112977,0.04000000000000001,1000,2410.423849462603,Models/HalfCitah_models/Ideal_models/HalfCheetah
PPO,2.1571129707112977,0.04000000000000001,1000,3015.6093252318924,Models/HalfCitah_models/Ideal_models/HalfCheetah
