algorithm,Mass,Friction,steps,reward,model
PPO,2.1571129707112977,0.16000000000000003,1000,3001.7202321176433,Models/HalfCitah_models/Ideal_models/HalfCheetah
PPO,2.1571129707112977,0.16000000000000003,1000,3040.5902332658193,Models/HalfCitah_models/Ideal_models/HalfCheetah
PPO,2.1571129707112977,0.16000000000000003,1000,3085.0750255460944,Models/HalfCitah_models/Ideal_models/HalfCheetah
PPO,2.1571129707112977,0.16000000000000003,1000,3060.2782985131635,Models/HalfCitah_models/Ideal_models/HalfCheetah
PPO,2.1571129707112977,0.16000000000000003,1000,1108.0085008044098,Models/HalfCitah_models/Ideal_models/HalfCheetah
PPO,2.1571129707112977,0.16000000000000003,1000,3085.1449276094563,Models/HalfCitah_models/Ideal_models/HalfCheetah
PPO,2.1571129707112977,0.16000000000000003,1000,3058.7199513474434,Models/HalfCitah_models/Ideal_models/HalfCheetah
PPO,2.1571129707112977,0.16000000000000003,1000,3096.2976385917555,Models/HalfCitah_models/Ideal_models/HalfCheetah
PPO,2.1571129707112977,0.16000000000000003,1000,3128.809999749975,Models/HalfCitah_models/Ideal_models/HalfCheetah
PPO,2.1571129707112977,0.16000000000000003,1000,1382.9375361637153,Models/HalfCitah_models/Ideal_models/HalfCheetah
PPO,2.1571129707112977,0.16000000000000003,1000,3008.734560116957,Models/HalfCitah_models/Ideal_models/HalfCheetah
PPO,2.1571129707112977,0.16000000000000003,1000,3090.2943406937675,Models/HalfCitah_models/Ideal_models/HalfCheetah
PPO,2.1571129707112977,0.16000000000000003,1000,2993.393312591628,Models/HalfCitah_models/Ideal_models/HalfCheetah
PPO,2.1571129707112977,0.16000000000000003,1000,3013.520921256752,Models/HalfCitah_models/Ideal_models/HalfCheetah
PPO,2.1571129707112977,0.16000000000000003,1000,3071.0821977119886,Models/HalfCitah_models/Ideal_models/HalfCheetah
