algorithm,Mass,Friction,steps,reward,model
PPO,2.7323430962343105,0.16000000000000003,1000,2256.3374000159847,Models/HalfCitah_models/Ideal_models/HalfCheetah
PPO,2.7323430962343105,0.16000000000000003,1000,1320.0750269318428,Models/HalfCitah_models/Ideal_models/HalfCheetah
PPO,2.7323430962343105,0.16000000000000003,1000,2605.0044264850108,Models/HalfCitah_models/Ideal_models/HalfCheetah
PPO,2.7323430962343105,0.16000000000000003,1000,2472.824491569241,Models/HalfCitah_models/Ideal_models/HalfCheetah
PPO,2.7323430962343105,0.16000000000000003,1000,1378.8047879133574,Models/HalfCitah_models/Ideal_models/HalfCheetah
PPO,2.7323430962343105,0.16000000000000003,1000,2493.8980797409895,Models/HalfCitah_models/Ideal_models/HalfCheetah
PPO,2.7323430962343105,0.16000000000000003,1000,1719.6628937572164,Models/HalfCitah_models/Ideal_models/HalfCheetah
PPO,2.7323430962343105,0.16000000000000003,1000,2568.1484062686072,Models/HalfCitah_models/Ideal_models/HalfCheetah
PPO,2.7323430962343105,0.16000000000000003,1000,2495.790212783785,Models/HalfCitah_models/Ideal_models/HalfCheetah
PPO,2.7323430962343105,0.16000000000000003,1000,2542.7964130040136,Models/HalfCitah_models/Ideal_models/HalfCheetah
PPO,2.7323430962343105,0.16000000000000003,1000,2537.0488754905236,Models/HalfCitah_models/Ideal_models/HalfCheetah
PPO,2.7323430962343105,0.16000000000000003,1000,2527.0376157663814,Models/HalfCitah_models/Ideal_models/HalfCheetah
PPO,2.7323430962343105,0.16000000000000003,1000,2516.2923666437136,Models/HalfCitah_models/Ideal_models/HalfCheetah
PPO,2.7323430962343105,0.16000000000000003,1000,2495.903406480704,Models/HalfCitah_models/Ideal_models/HalfCheetah
PPO,2.7323430962343105,0.16000000000000003,1000,1654.8945390823355,Models/HalfCitah_models/Ideal_models/HalfCheetah
