algorithm,Mass,Friction,steps,reward,model
PPO,2.4447280334728037,0.32000000000000006,1000,2820.0681730710876,Models/HalfCitah_models/Ideal_models/HalfCheetah
PPO,2.4447280334728037,0.32000000000000006,1000,1971.203536166714,Models/HalfCitah_models/Ideal_models/HalfCheetah
PPO,2.4447280334728037,0.32000000000000006,1000,2767.6089380325184,Models/HalfCitah_models/Ideal_models/HalfCheetah
PPO,2.4447280334728037,0.32000000000000006,1000,2814.085602803704,Models/HalfCitah_models/Ideal_models/HalfCheetah
PPO,2.4447280334728037,0.32000000000000006,1000,2864.1408618864143,Models/HalfCitah_models/Ideal_models/HalfCheetah
PPO,2.4447280334728037,0.32000000000000006,1000,2711.8702536449564,Models/HalfCitah_models/Ideal_models/HalfCheetah
PPO,2.4447280334728037,0.32000000000000006,1000,2862.304627651818,Models/HalfCitah_models/Ideal_models/HalfCheetah
PPO,2.4447280334728037,0.32000000000000006,1000,2517.0893520256805,Models/HalfCitah_models/Ideal_models/HalfCheetah
PPO,2.4447280334728037,0.32000000000000006,1000,2775.661796715711,Models/HalfCitah_models/Ideal_models/HalfCheetah
PPO,2.4447280334728037,0.32000000000000006,1000,2785.920977024827,Models/HalfCitah_models/Ideal_models/HalfCheetah
PPO,2.4447280334728037,0.32000000000000006,1000,2853.319577085852,Models/HalfCitah_models/Ideal_models/HalfCheetah
PPO,2.4447280334728037,0.32000000000000006,1000,2721.563431540516,Models/HalfCitah_models/Ideal_models/HalfCheetah
PPO,2.4447280334728037,0.32000000000000006,1000,840.9514786359937,Models/HalfCitah_models/Ideal_models/HalfCheetah
PPO,2.4447280334728037,0.32000000000000006,1000,2608.217347609057,Models/HalfCitah_models/Ideal_models/HalfCheetah
PPO,2.4447280334728037,0.32000000000000006,1000,2815.7523321741946,Models/HalfCitah_models/Ideal_models/HalfCheetah
