algorithm,Mass,Friction,steps,reward,model
PPO,1.4380753138075317,0.04000000000000001,1000,985.3774920677225,Models/HalfCitah_models/Ideal_models/HalfCheetah
PPO,1.4380753138075317,0.04000000000000001,1000,3637.9691165968798,Models/HalfCitah_models/Ideal_models/HalfCheetah
PPO,1.4380753138075317,0.04000000000000001,1000,823.7498818550375,Models/HalfCitah_models/Ideal_models/HalfCheetah
PPO,1.4380753138075317,0.04000000000000001,1000,1144.4731447987845,Models/HalfCitah_models/Ideal_models/HalfCheetah
PPO,1.4380753138075317,0.04000000000000001,1000,1713.4247939424033,Models/HalfCitah_models/Ideal_models/HalfCheetah
PPO,1.4380753138075317,0.04000000000000001,1000,1162.599539045043,Models/HalfCitah_models/Ideal_models/HalfCheetah
PPO,1.4380753138075317,0.04000000000000001,1000,636.1960740098168,Models/HalfCitah_models/Ideal_models/HalfCheetah
PPO,1.4380753138075317,0.04000000000000001,1000,3424.523031232189,Models/HalfCitah_models/Ideal_models/HalfCheetah
PPO,1.4380753138075317,0.04000000000000001,1000,3712.3946587224655,Models/HalfCitah_models/Ideal_models/HalfCheetah
PPO,1.4380753138075317,0.04000000000000001,1000,3870.7636381616107,Models/HalfCitah_models/Ideal_models/HalfCheetah
PPO,1.4380753138075317,0.04000000000000001,1000,3744.152803901951,Models/HalfCitah_models/Ideal_models/HalfCheetah
PPO,1.4380753138075317,0.04000000000000001,1000,905.9947150335038,Models/HalfCitah_models/Ideal_models/HalfCheetah
PPO,1.4380753138075317,0.04000000000000001,1000,3801.4632800427653,Models/HalfCitah_models/Ideal_models/HalfCheetah
PPO,1.4380753138075317,0.04000000000000001,1000,3700.91846929609,Models/HalfCitah_models/Ideal_models/HalfCheetah
PPO,1.4380753138075317,0.04000000000000001,1000,3730.1455298461997,Models/HalfCitah_models/Ideal_models/HalfCheetah
