algorithm,Mass,Friction,steps,reward,model
PPO,2.4447280334728037,0.8800000000000001,1000,1058.3518317460414,Models/HalfCitah_models/Ideal_models/HalfCheetah
PPO,2.4447280334728037,0.8800000000000001,1000,404.5984703798538,Models/HalfCitah_models/Ideal_models/HalfCheetah
PPO,2.4447280334728037,0.8800000000000001,1000,311.93770567829097,Models/HalfCitah_models/Ideal_models/HalfCheetah
PPO,2.4447280334728037,0.8800000000000001,1000,971.5430680572807,Models/HalfCitah_models/Ideal_models/HalfCheetah
PPO,2.4447280334728037,0.8800000000000001,1000,466.49236675098166,Models/HalfCitah_models/Ideal_models/HalfCheetah
PPO,2.4447280334728037,0.8800000000000001,1000,1000.0306160278797,Models/HalfCitah_models/Ideal_models/HalfCheetah
PPO,2.4447280334728037,0.8800000000000001,1000,893.8856568138201,Models/HalfCitah_models/Ideal_models/HalfCheetah
PPO,2.4447280334728037,0.8800000000000001,1000,473.02025636608096,Models/HalfCitah_models/Ideal_models/HalfCheetah
PPO,2.4447280334728037,0.8800000000000001,1000,1022.4938957328397,Models/HalfCitah_models/Ideal_models/HalfCheetah
PPO,2.4447280334728037,0.8800000000000001,1000,1354.6904716447714,Models/HalfCitah_models/Ideal_models/HalfCheetah
PPO,2.4447280334728037,0.8800000000000001,1000,1385.1736977242565,Models/HalfCitah_models/Ideal_models/HalfCheetah
PPO,2.4447280334728037,0.8800000000000001,1000,351.2841662000974,Models/HalfCitah_models/Ideal_models/HalfCheetah
PPO,2.4447280334728037,0.8800000000000001,1000,449.00246269529725,Models/HalfCitah_models/Ideal_models/HalfCheetah
PPO,2.4447280334728037,0.8800000000000001,1000,356.0417687932613,Models/HalfCitah_models/Ideal_models/HalfCheetah
PPO,2.4447280334728037,0.8800000000000001,1000,783.9534000262979,Models/HalfCitah_models/Ideal_models/HalfCheetah
