algorithm,Mass,Friction,steps,reward,model
PPO,2.8761506276150635,0.32000000000000006,1000,2429.549235364438,Models/HalfCitah_models/Ideal_models/HalfCheetah
PPO,2.8761506276150635,0.32000000000000006,1000,1433.5017466678673,Models/HalfCitah_models/Ideal_models/HalfCheetah
PPO,2.8761506276150635,0.32000000000000006,1000,2427.90321430785,Models/HalfCitah_models/Ideal_models/HalfCheetah
PPO,2.8761506276150635,0.32000000000000006,1000,2454.9399314120096,Models/HalfCitah_models/Ideal_models/HalfCheetah
PPO,2.8761506276150635,0.32000000000000006,1000,2237.267830758679,Models/HalfCitah_models/Ideal_models/HalfCheetah
PPO,2.8761506276150635,0.32000000000000006,1000,2262.2085129623974,Models/HalfCitah_models/Ideal_models/HalfCheetah
PPO,2.8761506276150635,0.32000000000000006,1000,2461.4982029584694,Models/HalfCitah_models/Ideal_models/HalfCheetah
PPO,2.8761506276150635,0.32000000000000006,1000,2371.0259301384117,Models/HalfCitah_models/Ideal_models/HalfCheetah
PPO,2.8761506276150635,0.32000000000000006,1000,2427.121849491755,Models/HalfCitah_models/Ideal_models/HalfCheetah
PPO,2.8761506276150635,0.32000000000000006,1000,1546.4234818754635,Models/HalfCitah_models/Ideal_models/HalfCheetah
PPO,2.8761506276150635,0.32000000000000006,1000,2460.3239079883947,Models/HalfCitah_models/Ideal_models/HalfCheetah
PPO,2.8761506276150635,0.32000000000000006,1000,2475.6279313949553,Models/HalfCitah_models/Ideal_models/HalfCheetah
PPO,2.8761506276150635,0.32000000000000006,1000,2173.57049514227,Models/HalfCitah_models/Ideal_models/HalfCheetah
PPO,2.8761506276150635,0.32000000000000006,1000,2409.2482699215157,Models/HalfCitah_models/Ideal_models/HalfCheetah
PPO,2.8761506276150635,0.32000000000000006,1000,2396.3187285449376,Models/HalfCitah_models/Ideal_models/HalfCheetah
