algorithm,Mass,Friction,steps,reward,model
PPO,2.8761506276150635,0.8800000000000001,1000,517.0477854497324,Models/HalfCitah_models/Ideal_models/HalfCheetah
PPO,2.8761506276150635,0.8800000000000001,1000,479.23447705198066,Models/HalfCitah_models/Ideal_models/HalfCheetah
PPO,2.8761506276150635,0.8800000000000001,1000,868.2388734537568,Models/HalfCitah_models/Ideal_models/HalfCheetah
PPO,2.8761506276150635,0.8800000000000001,1000,642.9609846443946,Models/HalfCitah_models/Ideal_models/HalfCheetah
PPO,2.8761506276150635,0.8800000000000001,1000,674.2713495350451,Models/HalfCitah_models/Ideal_models/HalfCheetah
PPO,2.8761506276150635,0.8800000000000001,1000,586.5476736283679,Models/HalfCitah_models/Ideal_models/HalfCheetah
PPO,2.8761506276150635,0.8800000000000001,1000,-39.3857165925797,Models/HalfCitah_models/Ideal_models/HalfCheetah
PPO,2.8761506276150635,0.8800000000000001,1000,-14.409961788476139,Models/HalfCitah_models/Ideal_models/HalfCheetah
PPO,2.8761506276150635,0.8800000000000001,1000,319.3360479268253,Models/HalfCitah_models/Ideal_models/HalfCheetah
PPO,2.8761506276150635,0.8800000000000001,1000,728.9458182699464,Models/HalfCitah_models/Ideal_models/HalfCheetah
PPO,2.8761506276150635,0.8800000000000001,1000,383.162824338202,Models/HalfCitah_models/Ideal_models/HalfCheetah
PPO,2.8761506276150635,0.8800000000000001,1000,815.2113054188414,Models/HalfCitah_models/Ideal_models/HalfCheetah
PPO,2.8761506276150635,0.8800000000000001,1000,1110.6796227732016,Models/HalfCitah_models/Ideal_models/HalfCheetah
PPO,2.8761506276150635,0.8800000000000001,1000,1152.053269158379,Models/HalfCitah_models/Ideal_models/HalfCheetah
PPO,2.8761506276150635,0.8800000000000001,1000,80.22598379180863,Models/HalfCitah_models/Ideal_models/HalfCheetah
