algorithm,Mass,Friction,steps,reward,model
PPO,1.7256903765690381,0.16000000000000003,1000,746.2941522248217,Models/HalfCitah_models/Ideal_models/HalfCheetah
PPO,1.7256903765690381,0.16000000000000003,1000,3442.4474006049018,Models/HalfCitah_models/Ideal_models/HalfCheetah
PPO,1.7256903765690381,0.16000000000000003,1000,2583.6844776392927,Models/HalfCitah_models/Ideal_models/HalfCheetah
PPO,1.7256903765690381,0.16000000000000003,1000,3376.831663779446,Models/HalfCitah_models/Ideal_models/HalfCheetah
PPO,1.7256903765690381,0.16000000000000003,1000,3471.819220595492,Models/HalfCitah_models/Ideal_models/HalfCheetah
PPO,1.7256903765690381,0.16000000000000003,1000,3475.4022516452624,Models/HalfCitah_models/Ideal_models/HalfCheetah
PPO,1.7256903765690381,0.16000000000000003,1000,3451.39162474794,Models/HalfCitah_models/Ideal_models/HalfCheetah
PPO,1.7256903765690381,0.16000000000000003,1000,641.3737609763152,Models/HalfCitah_models/Ideal_models/HalfCheetah
PPO,1.7256903765690381,0.16000000000000003,1000,3413.990606204608,Models/HalfCitah_models/Ideal_models/HalfCheetah
PPO,1.7256903765690381,0.16000000000000003,1000,3299.626389889496,Models/HalfCitah_models/Ideal_models/HalfCheetah
PPO,1.7256903765690381,0.16000000000000003,1000,3484.009747104381,Models/HalfCitah_models/Ideal_models/HalfCheetah
PPO,1.7256903765690381,0.16000000000000003,1000,3483.589358977477,Models/HalfCitah_models/Ideal_models/HalfCheetah
PPO,1.7256903765690381,0.16000000000000003,1000,3468.5245523082194,Models/HalfCitah_models/Ideal_models/HalfCheetah
PPO,1.7256903765690381,0.16000000000000003,1000,3542.8434854916068,Models/HalfCitah_models/Ideal_models/HalfCheetah
PPO,1.7256903765690381,0.16000000000000003,1000,651.7564807736517,Models/HalfCitah_models/Ideal_models/HalfCheetah
