algorithm,Mass,Friction,steps,reward,model
PPO,1.7256903765690381,0.04000000000000001,1000,3450.9995588189486,Models/HalfCitah_models/Ideal_models/HalfCheetah
PPO,1.7256903765690381,0.04000000000000001,1000,2416.898679109049,Models/HalfCitah_models/Ideal_models/HalfCheetah
PPO,1.7256903765690381,0.04000000000000001,1000,850.8970798473074,Models/HalfCitah_models/Ideal_models/HalfCheetah
PPO,1.7256903765690381,0.04000000000000001,1000,931.1015366658218,Models/HalfCitah_models/Ideal_models/HalfCheetah
PPO,1.7256903765690381,0.04000000000000001,1000,3120.659668706919,Models/HalfCitah_models/Ideal_models/HalfCheetah
PPO,1.7256903765690381,0.04000000000000001,1000,3519.5385073368143,Models/HalfCitah_models/Ideal_models/HalfCheetah
PPO,1.7256903765690381,0.04000000000000001,1000,3427.832674359859,Models/HalfCitah_models/Ideal_models/HalfCheetah
PPO,1.7256903765690381,0.04000000000000001,1000,3505.927362549639,Models/HalfCitah_models/Ideal_models/HalfCheetah
PPO,1.7256903765690381,0.04000000000000001,1000,3449.777893610324,Models/HalfCitah_models/Ideal_models/HalfCheetah
PPO,1.7256903765690381,0.04000000000000001,1000,3480.8583287154934,Models/HalfCitah_models/Ideal_models/HalfCheetah
PPO,1.7256903765690381,0.04000000000000001,1000,3488.3273925931962,Models/HalfCitah_models/Ideal_models/HalfCheetah
PPO,1.7256903765690381,0.04000000000000001,1000,3525.520899588657,Models/HalfCitah_models/Ideal_models/HalfCheetah
PPO,1.7256903765690381,0.04000000000000001,1000,3447.907160000088,Models/HalfCitah_models/Ideal_models/HalfCheetah
PPO,1.7256903765690381,0.04000000000000001,1000,3408.3810905469672,Models/HalfCitah_models/Ideal_models/HalfCheetah
PPO,1.7256903765690381,0.04000000000000001,1000,3503.182267280903,Models/HalfCitah_models/Ideal_models/HalfCheetah
