algorithm,Mass,Friction,steps,reward,model
PPO,1.4380753138075317,0.16000000000000003,1000,3412.049578697002,Models/HalfCitah_models/Ideal_models/HalfCheetah
PPO,1.4380753138075317,0.16000000000000003,1000,637.2350914639815,Models/HalfCitah_models/Ideal_models/HalfCheetah
PPO,1.4380753138075317,0.16000000000000003,1000,937.2431630270503,Models/HalfCitah_models/Ideal_models/HalfCheetah
PPO,1.4380753138075317,0.16000000000000003,1000,972.9271588729949,Models/HalfCitah_models/Ideal_models/HalfCheetah
PPO,1.4380753138075317,0.16000000000000003,1000,1368.7366195099298,Models/HalfCitah_models/Ideal_models/HalfCheetah
PPO,1.4380753138075317,0.16000000000000003,1000,2615.0732434200836,Models/HalfCitah_models/Ideal_models/HalfCheetah
PPO,1.4380753138075317,0.16000000000000003,1000,672.5490023831403,Models/HalfCitah_models/Ideal_models/HalfCheetah
PPO,1.4380753138075317,0.16000000000000003,1000,769.2082385153474,Models/HalfCitah_models/Ideal_models/HalfCheetah
PPO,1.4380753138075317,0.16000000000000003,1000,3654.9799793732764,Models/HalfCitah_models/Ideal_models/HalfCheetah
PPO,1.4380753138075317,0.16000000000000003,1000,2532.728902700508,Models/HalfCitah_models/Ideal_models/HalfCheetah
PPO,1.4380753138075317,0.16000000000000003,1000,959.2542979478967,Models/HalfCitah_models/Ideal_models/HalfCheetah
PPO,1.4380753138075317,0.16000000000000003,1000,1209.1415258038496,Models/HalfCitah_models/Ideal_models/HalfCheetah
PPO,1.4380753138075317,0.16000000000000003,1000,3032.3807261304723,Models/HalfCitah_models/Ideal_models/HalfCheetah
PPO,1.4380753138075317,0.16000000000000003,1000,834.3323908729831,Models/HalfCitah_models/Ideal_models/HalfCheetah
PPO,1.4380753138075317,0.16000000000000003,1000,1198.793614854586,Models/HalfCitah_models/Ideal_models/HalfCheetah
