algorithm,Mass,Friction,steps,reward,model
PPO,2.7323430962343105,0.04000000000000001,1000,2139.550681044097,Models/HalfCitah_models/Ideal_models/HalfCheetah
PPO,2.7323430962343105,0.04000000000000001,1000,1526.1371058330765,Models/HalfCitah_models/Ideal_models/HalfCheetah
PPO,2.7323430962343105,0.04000000000000001,1000,2002.1918727700895,Models/HalfCitah_models/Ideal_models/HalfCheetah
PPO,2.7323430962343105,0.04000000000000001,1000,2506.843443563389,Models/HalfCitah_models/Ideal_models/HalfCheetah
PPO,2.7323430962343105,0.04000000000000001,1000,2327.2044091433054,Models/HalfCitah_models/Ideal_models/HalfCheetah
PPO,2.7323430962343105,0.04000000000000001,1000,2503.7581671665776,Models/HalfCitah_models/Ideal_models/HalfCheetah
PPO,2.7323430962343105,0.04000000000000001,1000,2570.083635535992,Models/HalfCitah_models/Ideal_models/HalfCheetah
PPO,2.7323430962343105,0.04000000000000001,1000,2597.3684337320533,Models/HalfCitah_models/Ideal_models/HalfCheetah
PPO,2.7323430962343105,0.04000000000000001,1000,2491.8311565490076,Models/HalfCitah_models/Ideal_models/HalfCheetah
PPO,2.7323430962343105,0.04000000000000001,1000,1055.4120042567113,Models/HalfCitah_models/Ideal_models/HalfCheetah
PPO,2.7323430962343105,0.04000000000000001,1000,861.8131214508701,Models/HalfCitah_models/Ideal_models/HalfCheetah
PPO,2.7323430962343105,0.04000000000000001,1000,2569.232222689143,Models/HalfCitah_models/Ideal_models/HalfCheetah
PPO,2.7323430962343105,0.04000000000000001,1000,2604.1153009238833,Models/HalfCitah_models/Ideal_models/HalfCheetah
PPO,2.7323430962343105,0.04000000000000001,1000,2544.0332620091813,Models/HalfCitah_models/Ideal_models/HalfCheetah
PPO,2.7323430962343105,0.04000000000000001,1000,2552.93152250589,Models/HalfCitah_models/Ideal_models/HalfCheetah
