algorithm,Mass,Friction,steps,reward,model
PPO,2.8761506276150635,0.04000000000000001,1000,2441.9246673824355,Models/HalfCitah_models/Ideal_models/HalfCheetah
PPO,2.8761506276150635,0.04000000000000001,1000,2457.112086502614,Models/HalfCitah_models/Ideal_models/HalfCheetah
PPO,2.8761506276150635,0.04000000000000001,1000,2488.8516929414072,Models/HalfCitah_models/Ideal_models/HalfCheetah
PPO,2.8761506276150635,0.04000000000000001,1000,1924.5420850263613,Models/HalfCitah_models/Ideal_models/HalfCheetah
PPO,2.8761506276150635,0.04000000000000001,1000,2419.726905368167,Models/HalfCitah_models/Ideal_models/HalfCheetah
PPO,2.8761506276150635,0.04000000000000001,1000,2373.2125394639734,Models/HalfCitah_models/Ideal_models/HalfCheetah
PPO,2.8761506276150635,0.04000000000000001,1000,1722.8078342844071,Models/HalfCitah_models/Ideal_models/HalfCheetah
PPO,2.8761506276150635,0.04000000000000001,1000,2407.8208779979022,Models/HalfCitah_models/Ideal_models/HalfCheetah
PPO,2.8761506276150635,0.04000000000000001,1000,2432.7434417562235,Models/HalfCitah_models/Ideal_models/HalfCheetah
PPO,2.8761506276150635,0.04000000000000001,1000,2507.8188187772607,Models/HalfCitah_models/Ideal_models/HalfCheetah
PPO,2.8761506276150635,0.04000000000000001,1000,-141.427339622197,Models/HalfCitah_models/Ideal_models/HalfCheetah
PPO,2.8761506276150635,0.04000000000000001,1000,2378.4802047581657,Models/HalfCitah_models/Ideal_models/HalfCheetah
PPO,2.8761506276150635,0.04000000000000001,1000,1264.8563559037489,Models/HalfCitah_models/Ideal_models/HalfCheetah
PPO,2.8761506276150635,0.04000000000000001,1000,2224.849304090798,Models/HalfCitah_models/Ideal_models/HalfCheetah
PPO,2.8761506276150635,0.04000000000000001,1000,2136.4796164851236,Models/HalfCitah_models/Ideal_models/HalfCheetah
