algorithm,Mass,Friction,steps,reward,model
PPO,2.1571129707112977,0.8800000000000001,1000,830.2381790098466,Models/HalfCitah_models/Ideal_models/HalfCheetah
PPO,2.1571129707112977,0.8800000000000001,1000,940.5119302103994,Models/HalfCitah_models/Ideal_models/HalfCheetah
PPO,2.1571129707112977,0.8800000000000001,1000,526.0833981226742,Models/HalfCitah_models/Ideal_models/HalfCheetah
PPO,2.1571129707112977,0.8800000000000001,1000,1311.893144120445,Models/HalfCitah_models/Ideal_models/HalfCheetah
PPO,2.1571129707112977,0.8800000000000001,1000,548.0459845993187,Models/HalfCitah_models/Ideal_models/HalfCheetah
PPO,2.1571129707112977,0.8800000000000001,1000,348.0326237574868,Models/HalfCitah_models/Ideal_models/HalfCheetah
PPO,2.1571129707112977,0.8800000000000001,1000,1223.481352042199,Models/HalfCitah_models/Ideal_models/HalfCheetah
PPO,2.1571129707112977,0.8800000000000001,1000,636.8658748269359,Models/HalfCitah_models/Ideal_models/HalfCheetah
PPO,2.1571129707112977,0.8800000000000001,1000,266.7052166778635,Models/HalfCitah_models/Ideal_models/HalfCheetah
PPO,2.1571129707112977,0.8800000000000001,1000,1306.2467373111997,Models/HalfCitah_models/Ideal_models/HalfCheetah
PPO,2.1571129707112977,0.8800000000000001,1000,486.62555973104554,Models/HalfCitah_models/Ideal_models/HalfCheetah
PPO,2.1571129707112977,0.8800000000000001,1000,666.2372193229605,Models/HalfCitah_models/Ideal_models/HalfCheetah
PPO,2.1571129707112977,0.8800000000000001,1000,615.9252391989876,Models/HalfCitah_models/Ideal_models/HalfCheetah
PPO,2.1571129707112977,0.8800000000000001,1000,966.7821338071772,Models/HalfCitah_models/Ideal_models/HalfCheetah
PPO,2.1571129707112977,0.8800000000000001,1000,680.599589643075,Models/HalfCitah_models/Ideal_models/HalfCheetah
