algorithm,Mass,Friction,steps,reward,model
PPO,1.7256903765690381,0.32000000000000006,1000,1579.5731625959752,Models/HalfCitah_models/Ideal_models/HalfCheetah
PPO,1.7256903765690381,0.32000000000000006,1000,3384.755034765104,Models/HalfCitah_models/Ideal_models/HalfCheetah
PPO,1.7256903765690381,0.32000000000000006,1000,3326.862903002915,Models/HalfCitah_models/Ideal_models/HalfCheetah
PPO,1.7256903765690381,0.32000000000000006,1000,3458.36281889402,Models/HalfCitah_models/Ideal_models/HalfCheetah
PPO,1.7256903765690381,0.32000000000000006,1000,3426.6149646678023,Models/HalfCitah_models/Ideal_models/HalfCheetah
PPO,1.7256903765690381,0.32000000000000006,1000,3414.347112422891,Models/HalfCitah_models/Ideal_models/HalfCheetah
PPO,1.7256903765690381,0.32000000000000006,1000,3468.3996210952655,Models/HalfCitah_models/Ideal_models/HalfCheetah
PPO,1.7256903765690381,0.32000000000000006,1000,3508.0549376110175,Models/HalfCitah_models/Ideal_models/HalfCheetah
PPO,1.7256903765690381,0.32000000000000006,1000,3537.6104115293265,Models/HalfCitah_models/Ideal_models/HalfCheetah
PPO,1.7256903765690381,0.32000000000000006,1000,1539.9379049472464,Models/HalfCitah_models/Ideal_models/HalfCheetah
PPO,1.7256903765690381,0.32000000000000006,1000,3455.832060760661,Models/HalfCitah_models/Ideal_models/HalfCheetah
PPO,1.7256903765690381,0.32000000000000006,1000,3546.7372212360196,Models/HalfCitah_models/Ideal_models/HalfCheetah
PPO,1.7256903765690381,0.32000000000000006,1000,2627.226459727946,Models/HalfCitah_models/Ideal_models/HalfCheetah
PPO,1.7256903765690381,0.32000000000000006,1000,3481.490063229648,Models/HalfCitah_models/Ideal_models/HalfCheetah
PPO,1.7256903765690381,0.32000000000000006,1000,3467.716499385603,Models/HalfCitah_models/Ideal_models/HalfCheetah
