algorithm,Mass,Friction,steps,reward,model
PPO,2.7323430962343105,0.8800000000000001,1000,153.70912415798696,Models/HalfCitah_models/Ideal_models/HalfCheetah
PPO,2.7323430962343105,0.8800000000000001,1000,-80.48711870863038,Models/HalfCitah_models/Ideal_models/HalfCheetah
PPO,2.7323430962343105,0.8800000000000001,1000,1047.5788878950102,Models/HalfCitah_models/Ideal_models/HalfCheetah
PPO,2.7323430962343105,0.8800000000000001,1000,70.67577528138403,Models/HalfCitah_models/Ideal_models/HalfCheetah
PPO,2.7323430962343105,0.8800000000000001,1000,772.6818341604186,Models/HalfCitah_models/Ideal_models/HalfCheetah
PPO,2.7323430962343105,0.8800000000000001,1000,1077.112299506056,Models/HalfCitah_models/Ideal_models/HalfCheetah
PPO,2.7323430962343105,0.8800000000000001,1000,594.2544640276502,Models/HalfCitah_models/Ideal_models/HalfCheetah
PPO,2.7323430962343105,0.8800000000000001,1000,162.0931073742637,Models/HalfCitah_models/Ideal_models/HalfCheetah
PPO,2.7323430962343105,0.8800000000000001,1000,1144.35424106851,Models/HalfCitah_models/Ideal_models/HalfCheetah
PPO,2.7323430962343105,0.8800000000000001,1000,10.385955024315159,Models/HalfCitah_models/Ideal_models/HalfCheetah
PPO,2.7323430962343105,0.8800000000000001,1000,354.9088309008683,Models/HalfCitah_models/Ideal_models/HalfCheetah
PPO,2.7323430962343105,0.8800000000000001,1000,437.048246282258,Models/HalfCitah_models/Ideal_models/HalfCheetah
PPO,2.7323430962343105,0.8800000000000001,1000,259.38988752037176,Models/HalfCitah_models/Ideal_models/HalfCheetah
PPO,2.7323430962343105,0.8800000000000001,1000,327.13061687950415,Models/HalfCitah_models/Ideal_models/HalfCheetah
PPO,2.7323430962343105,0.8800000000000001,1000,428.0403091088133,Models/HalfCitah_models/Ideal_models/HalfCheetah
