algorithm,Mass,Friction,steps,reward,model
PPO,2.4447280334728037,0.16000000000000003,1000,2807.042908250088,Models/HalfCitah_models/Ideal_models/HalfCheetah
PPO,2.4447280334728037,0.16000000000000003,1000,2715.5797126178045,Models/HalfCitah_models/Ideal_models/HalfCheetah
PPO,2.4447280334728037,0.16000000000000003,1000,2823.5388582684227,Models/HalfCitah_models/Ideal_models/HalfCheetah
PPO,2.4447280334728037,0.16000000000000003,1000,1133.6739357694435,Models/HalfCitah_models/Ideal_models/HalfCheetah
PPO,2.4447280334728037,0.16000000000000003,1000,2813.3772415795356,Models/HalfCitah_models/Ideal_models/HalfCheetah
PPO,2.4447280334728037,0.16000000000000003,1000,2817.3237846407146,Models/HalfCitah_models/Ideal_models/HalfCheetah
PPO,2.4447280334728037,0.16000000000000003,1000,1607.14049928932,Models/HalfCitah_models/Ideal_models/HalfCheetah
PPO,2.4447280334728037,0.16000000000000003,1000,2830.9388431441944,Models/HalfCitah_models/Ideal_models/HalfCheetah
PPO,2.4447280334728037,0.16000000000000003,1000,1986.0814422373014,Models/HalfCitah_models/Ideal_models/HalfCheetah
PPO,2.4447280334728037,0.16000000000000003,1000,2333.085681667948,Models/HalfCitah_models/Ideal_models/HalfCheetah
PPO,2.4447280334728037,0.16000000000000003,1000,371.797399072746,Models/HalfCitah_models/Ideal_models/HalfCheetah
PPO,2.4447280334728037,0.16000000000000003,1000,2481.2385136368102,Models/HalfCitah_models/Ideal_models/HalfCheetah
PPO,2.4447280334728037,0.16000000000000003,1000,2724.6940767902656,Models/HalfCitah_models/Ideal_models/HalfCheetah
PPO,2.4447280334728037,0.16000000000000003,1000,2847.0625795655155,Models/HalfCitah_models/Ideal_models/HalfCheetah
PPO,2.4447280334728037,0.16000000000000003,1000,1587.39114540036,Models/HalfCitah_models/Ideal_models/HalfCheetah
