algorithm,Mass,Friction,steps,reward,model
PPO,2.4447280334728037,0.04000000000000001,1000,2813.3764914143735,Models/HalfCitah_models/Ideal_models/HalfCheetah
PPO,2.4447280334728037,0.04000000000000001,1000,2871.1185787872305,Models/HalfCitah_models/Ideal_models/HalfCheetah
PPO,2.4447280334728037,0.04000000000000001,1000,1326.7219928909062,Models/HalfCitah_models/Ideal_models/HalfCheetah
PPO,2.4447280334728037,0.04000000000000001,1000,2054.86480317995,Models/HalfCitah_models/Ideal_models/HalfCheetah
PPO,2.4447280334728037,0.04000000000000001,1000,2841.00627654749,Models/HalfCitah_models/Ideal_models/HalfCheetah
PPO,2.4447280334728037,0.04000000000000001,1000,1846.2154180115695,Models/HalfCitah_models/Ideal_models/HalfCheetah
PPO,2.4447280334728037,0.04000000000000001,1000,2188.5567416345866,Models/HalfCitah_models/Ideal_models/HalfCheetah
PPO,2.4447280334728037,0.04000000000000001,1000,2879.9844565762805,Models/HalfCitah_models/Ideal_models/HalfCheetah
PPO,2.4447280334728037,0.04000000000000001,1000,2117.49295072533,Models/HalfCitah_models/Ideal_models/HalfCheetah
PPO,2.4447280334728037,0.04000000000000001,1000,2792.234407671265,Models/HalfCitah_models/Ideal_models/HalfCheetah
PPO,2.4447280334728037,0.04000000000000001,1000,2795.520413578878,Models/HalfCitah_models/Ideal_models/HalfCheetah
PPO,2.4447280334728037,0.04000000000000001,1000,2393.391700600466,Models/HalfCitah_models/Ideal_models/HalfCheetah
PPO,2.4447280334728037,0.04000000000000001,1000,2820.065588199491,Models/HalfCitah_models/Ideal_models/HalfCheetah
PPO,2.4447280334728037,0.04000000000000001,1000,2794.2082931885843,Models/HalfCitah_models/Ideal_models/HalfCheetah
PPO,2.4447280334728037,0.04000000000000001,1000,2847.6559735428436,Models/HalfCitah_models/Ideal_models/HalfCheetah
