algorithm,Mass,Friction,steps,reward,model
PPO,1.4380753138075317,0.8800000000000001,1000,695.1218120531195,Models/HalfCitah_models/Ideal_models/HalfCheetah
PPO,1.4380753138075317,0.8800000000000001,1000,812.784224075166,Models/HalfCitah_models/Ideal_models/HalfCheetah
PPO,1.4380753138075317,0.8800000000000001,1000,316.1461145776459,Models/HalfCitah_models/Ideal_models/HalfCheetah
PPO,1.4380753138075317,0.8800000000000001,1000,1023.3702461857166,Models/HalfCitah_models/Ideal_models/HalfCheetah
PPO,1.4380753138075317,0.8800000000000001,1000,1061.919298667175,Models/HalfCitah_models/Ideal_models/HalfCheetah
PPO,1.4380753138075317,0.8800000000000001,1000,785.2278083831197,Models/HalfCitah_models/Ideal_models/HalfCheetah
PPO,1.4380753138075317,0.8800000000000001,1000,773.6097333421883,Models/HalfCitah_models/Ideal_models/HalfCheetah
PPO,1.4380753138075317,0.8800000000000001,1000,676.7474705727891,Models/HalfCitah_models/Ideal_models/HalfCheetah
PPO,1.4380753138075317,0.8800000000000001,1000,504.0219422436328,Models/HalfCitah_models/Ideal_models/HalfCheetah
PPO,1.4380753138075317,0.8800000000000001,1000,605.9865227413732,Models/HalfCitah_models/Ideal_models/HalfCheetah
PPO,1.4380753138075317,0.8800000000000001,1000,242.0593751988498,Models/HalfCitah_models/Ideal_models/HalfCheetah
PPO,1.4380753138075317,0.8800000000000001,1000,1387.5411615103644,Models/HalfCitah_models/Ideal_models/HalfCheetah
PPO,1.4380753138075317,0.8800000000000001,1000,439.9665836768511,Models/HalfCitah_models/Ideal_models/HalfCheetah
PPO,1.4380753138075317,0.8800000000000001,1000,1127.7121960026182,Models/HalfCitah_models/Ideal_models/HalfCheetah
PPO,1.4380753138075317,0.8800000000000001,1000,677.78155685403,Models/HalfCitah_models/Ideal_models/HalfCheetah
