algorithm,Mass,Friction,steps,reward,model
PPO,2.7323430962343105,0.32000000000000006,1000,2361.9281020340454,Models/HalfCitah_models/Ideal_models/HalfCheetah
PPO,2.7323430962343105,0.32000000000000006,1000,648.5975074178009,Models/HalfCitah_models/Ideal_models/HalfCheetah
PPO,2.7323430962343105,0.32000000000000006,1000,2570.608562361016,Models/HalfCitah_models/Ideal_models/HalfCheetah
PPO,2.7323430962343105,0.32000000000000006,1000,2552.0930215735275,Models/HalfCitah_models/Ideal_models/HalfCheetah
PPO,2.7323430962343105,0.32000000000000006,1000,2622.22346411599,Models/HalfCitah_models/Ideal_models/HalfCheetah
PPO,2.7323430962343105,0.32000000000000006,1000,2531.6060098969892,Models/HalfCitah_models/Ideal_models/HalfCheetah
PPO,2.7323430962343105,0.32000000000000006,1000,2499.57563640015,Models/HalfCitah_models/Ideal_models/HalfCheetah
PPO,2.7323430962343105,0.32000000000000006,1000,2195.8535862025974,Models/HalfCitah_models/Ideal_models/HalfCheetah
PPO,2.7323430962343105,0.32000000000000006,1000,2480.4425287857784,Models/HalfCitah_models/Ideal_models/HalfCheetah
PPO,2.7323430962343105,0.32000000000000006,1000,1037.982156000656,Models/HalfCitah_models/Ideal_models/HalfCheetah
PPO,2.7323430962343105,0.32000000000000006,1000,2496.563947343713,Models/HalfCitah_models/Ideal_models/HalfCheetah
PPO,2.7323430962343105,0.32000000000000006,1000,1610.171489098152,Models/HalfCitah_models/Ideal_models/HalfCheetah
PPO,2.7323430962343105,0.32000000000000006,1000,2180.650626929819,Models/HalfCitah_models/Ideal_models/HalfCheetah
PPO,2.7323430962343105,0.32000000000000006,1000,2538.3039983025656,Models/HalfCitah_models/Ideal_models/HalfCheetah
PPO,2.7323430962343105,0.32000000000000006,1000,2566.4709290909805,Models/HalfCitah_models/Ideal_models/HalfCheetah
