algorithm,Mass,Friction,steps,reward,model
PPO,2.8761506276150635,0.16000000000000003,1000,2387.253387166724,Models/HalfCitah_models/Ideal_models/HalfCheetah
PPO,2.8761506276150635,0.16000000000000003,1000,1831.721449151552,Models/HalfCitah_models/Ideal_models/HalfCheetah
PPO,2.8761506276150635,0.16000000000000003,1000,2369.631342871472,Models/HalfCitah_models/Ideal_models/HalfCheetah
PPO,2.8761506276150635,0.16000000000000003,1000,1006.8752344766244,Models/HalfCitah_models/Ideal_models/HalfCheetah
PPO,2.8761506276150635,0.16000000000000003,1000,2525.237771610216,Models/HalfCitah_models/Ideal_models/HalfCheetah
PPO,2.8761506276150635,0.16000000000000003,1000,2483.3934332055437,Models/HalfCitah_models/Ideal_models/HalfCheetah
PPO,2.8761506276150635,0.16000000000000003,1000,2452.0956059231194,Models/HalfCitah_models/Ideal_models/HalfCheetah
PPO,2.8761506276150635,0.16000000000000003,1000,2358.5938967286347,Models/HalfCitah_models/Ideal_models/HalfCheetah
PPO,2.8761506276150635,0.16000000000000003,1000,2456.9294770012193,Models/HalfCitah_models/Ideal_models/HalfCheetah
PPO,2.8761506276150635,0.16000000000000003,1000,-117.1344437090747,Models/HalfCitah_models/Ideal_models/HalfCheetah
PPO,2.8761506276150635,0.16000000000000003,1000,2457.977091767962,Models/HalfCitah_models/Ideal_models/HalfCheetah
PPO,2.8761506276150635,0.16000000000000003,1000,1003.3952279847122,Models/HalfCitah_models/Ideal_models/HalfCheetah
PPO,2.8761506276150635,0.16000000000000003,1000,1860.047265557133,Models/HalfCitah_models/Ideal_models/HalfCheetah
PPO,2.8761506276150635,0.16000000000000003,1000,2259.0446760681243,Models/HalfCitah_models/Ideal_models/HalfCheetah
PPO,2.8761506276150635,0.16000000000000003,1000,2454.2818217176737,Models/HalfCitah_models/Ideal_models/HalfCheetah
