algorithm,Mass,Friction,steps,reward,model
RARL,2.4447280334728037,0.04000000000000001,1000,2006.2233603551958,Models/HalfCitah_models/Adversarial_models/HalfCheetah_adversarial
RARL,2.4447280334728037,0.04000000000000001,1000,1650.8999597781458,Models/HalfCitah_models/Adversarial_models/HalfCheetah_adversarial
RARL,2.4447280334728037,0.04000000000000001,1000,2020.940615136682,Models/HalfCitah_models/Adversarial_models/HalfCheetah_adversarial
RARL,2.4447280334728037,0.04000000000000001,1000,2004.2340678494406,Models/HalfCitah_models/Adversarial_models/HalfCheetah_adversarial
RARL,2.4447280334728037,0.04000000000000001,1000,1993.379989175197,Models/HalfCitah_models/Adversarial_models/HalfCheetah_adversarial
RARL,2.4447280334728037,0.04000000000000001,1000,2000.3774588735928,Models/HalfCitah_models/Adversarial_models/HalfCheetah_adversarial
RARL,2.4447280334728037,0.04000000000000001,1000,1644.5364586513501,Models/HalfCitah_models/Adversarial_models/HalfCheetah_adversarial
RARL,2.4447280334728037,0.04000000000000001,1000,2060.3096370727003,Models/HalfCitah_models/Adversarial_models/HalfCheetah_adversarial
RARL,2.4447280334728037,0.04000000000000001,1000,2040.4303258437603,Models/HalfCitah_models/Adversarial_models/HalfCheetah_adversarial
RARL,2.4447280334728037,0.04000000000000001,1000,2036.5069517336449,Models/HalfCitah_models/Adversarial_models/HalfCheetah_adversarial
RARL,2.4447280334728037,0.04000000000000001,1000,2079.873169242177,Models/HalfCitah_models/Adversarial_models/HalfCheetah_adversarial
RARL,2.4447280334728037,0.04000000000000001,1000,2016.3132572932454,Models/HalfCitah_models/Adversarial_models/HalfCheetah_adversarial
RARL,2.4447280334728037,0.04000000000000001,1000,1942.2754226535203,Models/HalfCitah_models/Adversarial_models/HalfCheetah_adversarial
RARL,2.4447280334728037,0.04000000000000001,1000,2019.1470755126034,Models/HalfCitah_models/Adversarial_models/HalfCheetah_adversarial
RARL,2.4447280334728037,0.04000000000000001,1000,2073.900745838051,Models/HalfCitah_models/Adversarial_models/HalfCheetah_adversarial
