algorithm,Mass,Friction,steps,reward,model
RARL,2.4447280334728037,0.16000000000000003,1000,1982.137579679962,Models/HalfCitah_models/Adversarial_models/HalfCheetah_adversarial
RARL,2.4447280334728037,0.16000000000000003,1000,1931.899182719279,Models/HalfCitah_models/Adversarial_models/HalfCheetah_adversarial
RARL,2.4447280334728037,0.16000000000000003,1000,1998.0259175240985,Models/HalfCitah_models/Adversarial_models/HalfCheetah_adversarial
RARL,2.4447280334728037,0.16000000000000003,1000,2140.1108128974233,Models/HalfCitah_models/Adversarial_models/HalfCheetah_adversarial
RARL,2.4447280334728037,0.16000000000000003,1000,1938.2140162430774,Models/HalfCitah_models/Adversarial_models/HalfCheetah_adversarial
RARL,2.4447280334728037,0.16000000000000003,1000,2049.0146836812273,Models/HalfCitah_models/Adversarial_models/HalfCheetah_adversarial
RARL,2.4447280334728037,0.16000000000000003,1000,1526.1894898773814,Models/HalfCitah_models/Adversarial_models/HalfCheetah_adversarial
RARL,2.4447280334728037,0.16000000000000003,1000,2088.907334590427,Models/HalfCitah_models/Adversarial_models/HalfCheetah_adversarial
RARL,2.4447280334728037,0.16000000000000003,1000,2079.9019726302204,Models/HalfCitah_models/Adversarial_models/HalfCheetah_adversarial
RARL,2.4447280334728037,0.16000000000000003,1000,1997.0328021494363,Models/HalfCitah_models/Adversarial_models/HalfCheetah_adversarial
RARL,2.4447280334728037,0.16000000000000003,1000,2100.5393387589047,Models/HalfCitah_models/Adversarial_models/HalfCheetah_adversarial
RARL,2.4447280334728037,0.16000000000000003,1000,2045.4870206203932,Models/HalfCitah_models/Adversarial_models/HalfCheetah_adversarial
RARL,2.4447280334728037,0.16000000000000003,1000,1907.4740287469006,Models/HalfCitah_models/Adversarial_models/HalfCheetah_adversarial
RARL,2.4447280334728037,0.16000000000000003,1000,2066.2493418231134,Models/HalfCitah_models/Adversarial_models/HalfCheetah_adversarial
RARL,2.4447280334728037,0.16000000000000003,1000,2026.3796798102894,Models/HalfCitah_models/Adversarial_models/HalfCheetah_adversarial
