algorithm,Mass,Friction,steps,reward,model
RARL,2.1571129707112977,0.16000000000000003,1000,2316.36220681235,Models/HalfCitah_models/Adversarial_models/HalfCheetah_adversarial
RARL,2.1571129707112977,0.16000000000000003,1000,2191.3812693428176,Models/HalfCitah_models/Adversarial_models/HalfCheetah_adversarial
RARL,2.1571129707112977,0.16000000000000003,1000,2388.736774201633,Models/HalfCitah_models/Adversarial_models/HalfCheetah_adversarial
RARL,2.1571129707112977,0.16000000000000003,1000,2324.30223693082,Models/HalfCitah_models/Adversarial_models/HalfCheetah_adversarial
RARL,2.1571129707112977,0.16000000000000003,1000,2269.778126728941,Models/HalfCitah_models/Adversarial_models/HalfCheetah_adversarial
RARL,2.1571129707112977,0.16000000000000003,1000,2183.8334645536042,Models/HalfCitah_models/Adversarial_models/HalfCheetah_adversarial
RARL,2.1571129707112977,0.16000000000000003,1000,2398.6839928712634,Models/HalfCitah_models/Adversarial_models/HalfCheetah_adversarial
RARL,2.1571129707112977,0.16000000000000003,1000,2376.734266698829,Models/HalfCitah_models/Adversarial_models/HalfCheetah_adversarial
RARL,2.1571129707112977,0.16000000000000003,1000,2121.27824240252,Models/HalfCitah_models/Adversarial_models/HalfCheetah_adversarial
RARL,2.1571129707112977,0.16000000000000003,1000,2345.669875290356,Models/HalfCitah_models/Adversarial_models/HalfCheetah_adversarial
RARL,2.1571129707112977,0.16000000000000003,1000,2381.3812848836324,Models/HalfCitah_models/Adversarial_models/HalfCheetah_adversarial
RARL,2.1571129707112977,0.16000000000000003,1000,2404.6988395283397,Models/HalfCitah_models/Adversarial_models/HalfCheetah_adversarial
RARL,2.1571129707112977,0.16000000000000003,1000,2473.9650983921465,Models/HalfCitah_models/Adversarial_models/HalfCheetah_adversarial
RARL,2.1571129707112977,0.16000000000000003,1000,2340.1839644461916,Models/HalfCitah_models/Adversarial_models/HalfCheetah_adversarial
RARL,2.1571129707112977,0.16000000000000003,1000,2401.214789650092,Models/HalfCitah_models/Adversarial_models/HalfCheetah_adversarial
