algorithm,Mass,Friction,steps,reward,model
RARL,2.7323430962343105,0.16000000000000003,1000,1766.997012468657,Models/HalfCitah_models/Adversarial_models/HalfCheetah_adversarial
RARL,2.7323430962343105,0.16000000000000003,1000,1755.8129552385835,Models/HalfCitah_models/Adversarial_models/HalfCheetah_adversarial
RARL,2.7323430962343105,0.16000000000000003,1000,1849.2510185729989,Models/HalfCitah_models/Adversarial_models/HalfCheetah_adversarial
RARL,2.7323430962343105,0.16000000000000003,1000,1779.1935330989527,Models/HalfCitah_models/Adversarial_models/HalfCheetah_adversarial
RARL,2.7323430962343105,0.16000000000000003,1000,1868.5592608640145,Models/HalfCitah_models/Adversarial_models/HalfCheetah_adversarial
RARL,2.7323430962343105,0.16000000000000003,1000,1831.7402741105789,Models/HalfCitah_models/Adversarial_models/HalfCheetah_adversarial
RARL,2.7323430962343105,0.16000000000000003,1000,1774.26004858859,Models/HalfCitah_models/Adversarial_models/HalfCheetah_adversarial
RARL,2.7323430962343105,0.16000000000000003,1000,1757.3621785694231,Models/HalfCitah_models/Adversarial_models/HalfCheetah_adversarial
RARL,2.7323430962343105,0.16000000000000003,1000,1632.8612160139533,Models/HalfCitah_models/Adversarial_models/HalfCheetah_adversarial
RARL,2.7323430962343105,0.16000000000000003,1000,1826.4817090935521,Models/HalfCitah_models/Adversarial_models/HalfCheetah_adversarial
RARL,2.7323430962343105,0.16000000000000003,1000,1776.2766387962756,Models/HalfCitah_models/Adversarial_models/HalfCheetah_adversarial
RARL,2.7323430962343105,0.16000000000000003,1000,1523.4963763326923,Models/HalfCitah_models/Adversarial_models/HalfCheetah_adversarial
RARL,2.7323430962343105,0.16000000000000003,1000,1755.3341564966054,Models/HalfCitah_models/Adversarial_models/HalfCheetah_adversarial
RARL,2.7323430962343105,0.16000000000000003,1000,817.9840994678698,Models/HalfCitah_models/Adversarial_models/HalfCheetah_adversarial
RARL,2.7323430962343105,0.16000000000000003,1000,1764.9574601714335,Models/HalfCitah_models/Adversarial_models/HalfCheetah_adversarial
