algorithm,Mass,Friction,steps,reward,model
RARL,1.7256903765690381,0.32000000000000006,1000,2759.077531195314,Models/HalfCitah_models/Adversarial_models/HalfCheetah_adversarial
RARL,1.7256903765690381,0.32000000000000006,1000,2729.337957350389,Models/HalfCitah_models/Adversarial_models/HalfCheetah_adversarial
RARL,1.7256903765690381,0.32000000000000006,1000,2731.8014117706334,Models/HalfCitah_models/Adversarial_models/HalfCheetah_adversarial
RARL,1.7256903765690381,0.32000000000000006,1000,2736.2410471654885,Models/HalfCitah_models/Adversarial_models/HalfCheetah_adversarial
RARL,1.7256903765690381,0.32000000000000006,1000,2825.0466038221157,Models/HalfCitah_models/Adversarial_models/HalfCheetah_adversarial
RARL,1.7256903765690381,0.32000000000000006,1000,2590.5371189549733,Models/HalfCitah_models/Adversarial_models/HalfCheetah_adversarial
RARL,1.7256903765690381,0.32000000000000006,1000,2521.1744441850374,Models/HalfCitah_models/Adversarial_models/HalfCheetah_adversarial
RARL,1.7256903765690381,0.32000000000000006,1000,2581.298897621867,Models/HalfCitah_models/Adversarial_models/HalfCheetah_adversarial
RARL,1.7256903765690381,0.32000000000000006,1000,2533.645136765582,Models/HalfCitah_models/Adversarial_models/HalfCheetah_adversarial
RARL,1.7256903765690381,0.32000000000000006,1000,2929.6285536856026,Models/HalfCitah_models/Adversarial_models/HalfCheetah_adversarial
RARL,1.7256903765690381,0.32000000000000006,1000,2447.6024939278,Models/HalfCitah_models/Adversarial_models/HalfCheetah_adversarial
RARL,1.7256903765690381,0.32000000000000006,1000,832.9730724428528,Models/HalfCitah_models/Adversarial_models/HalfCheetah_adversarial
RARL,1.7256903765690381,0.32000000000000006,1000,2432.6892521077143,Models/HalfCitah_models/Adversarial_models/HalfCheetah_adversarial
RARL,1.7256903765690381,0.32000000000000006,1000,2716.07057656121,Models/HalfCitah_models/Adversarial_models/HalfCheetah_adversarial
RARL,1.7256903765690381,0.32000000000000006,1000,2584.7938470820836,Models/HalfCitah_models/Adversarial_models/HalfCheetah_adversarial
