algorithm,Mass,Friction,steps,reward,model
RARL,1.4380753138075317,0.8800000000000001,1000,1917.9060599095026,Models/HalfCitah_models/Adversarial_models/HalfCheetah_adversarial
RARL,1.4380753138075317,0.8800000000000001,1000,1768.3477160908785,Models/HalfCitah_models/Adversarial_models/HalfCheetah_adversarial
RARL,1.4380753138075317,0.8800000000000001,1000,1699.1426853504795,Models/HalfCitah_models/Adversarial_models/HalfCheetah_adversarial
RARL,1.4380753138075317,0.8800000000000001,1000,2036.1389293807324,Models/HalfCitah_models/Adversarial_models/HalfCheetah_adversarial
RARL,1.4380753138075317,0.8800000000000001,1000,1796.7805105963002,Models/HalfCitah_models/Adversarial_models/HalfCheetah_adversarial
RARL,1.4380753138075317,0.8800000000000001,1000,1645.546709454998,Models/HalfCitah_models/Adversarial_models/HalfCheetah_adversarial
RARL,1.4380753138075317,0.8800000000000001,1000,1986.565343962689,Models/HalfCitah_models/Adversarial_models/HalfCheetah_adversarial
RARL,1.4380753138075317,0.8800000000000001,1000,1713.809743562315,Models/HalfCitah_models/Adversarial_models/HalfCheetah_adversarial
RARL,1.4380753138075317,0.8800000000000001,1000,1565.1548400365095,Models/HalfCitah_models/Adversarial_models/HalfCheetah_adversarial
RARL,1.4380753138075317,0.8800000000000001,1000,1278.3825507410777,Models/HalfCitah_models/Adversarial_models/HalfCheetah_adversarial
RARL,1.4380753138075317,0.8800000000000001,1000,1878.6909433816384,Models/HalfCitah_models/Adversarial_models/HalfCheetah_adversarial
RARL,1.4380753138075317,0.8800000000000001,1000,1868.0761470515222,Models/HalfCitah_models/Adversarial_models/HalfCheetah_adversarial
RARL,1.4380753138075317,0.8800000000000001,1000,1809.2549244604686,Models/HalfCitah_models/Adversarial_models/HalfCheetah_adversarial
RARL,1.4380753138075317,0.8800000000000001,1000,2221.491068661214,Models/HalfCitah_models/Adversarial_models/HalfCheetah_adversarial
RARL,1.4380753138075317,0.8800000000000001,1000,1923.5915035163644,Models/HalfCitah_models/Adversarial_models/HalfCheetah_adversarial
