algorithm,Mass,Friction,steps,reward,model
RARL,1.4380753138075317,0.04000000000000001,1000,2577.296140751174,Models/HalfCitah_models/Adversarial_models/HalfCheetah_adversarial
RARL,1.4380753138075317,0.04000000000000001,1000,2899.6423899709953,Models/HalfCitah_models/Adversarial_models/HalfCheetah_adversarial
RARL,1.4380753138075317,0.04000000000000001,1000,2732.9804196580717,Models/HalfCitah_models/Adversarial_models/HalfCheetah_adversarial
RARL,1.4380753138075317,0.04000000000000001,1000,2687.7942795779113,Models/HalfCitah_models/Adversarial_models/HalfCheetah_adversarial
RARL,1.4380753138075317,0.04000000000000001,1000,2877.004110474379,Models/HalfCitah_models/Adversarial_models/HalfCheetah_adversarial
RARL,1.4380753138075317,0.04000000000000001,1000,2540.542150729465,Models/HalfCitah_models/Adversarial_models/HalfCheetah_adversarial
RARL,1.4380753138075317,0.04000000000000001,1000,2695.8421297385094,Models/HalfCitah_models/Adversarial_models/HalfCheetah_adversarial
RARL,1.4380753138075317,0.04000000000000001,1000,2463.181680304805,Models/HalfCitah_models/Adversarial_models/HalfCheetah_adversarial
RARL,1.4380753138075317,0.04000000000000001,1000,2816.822746388485,Models/HalfCitah_models/Adversarial_models/HalfCheetah_adversarial
RARL,1.4380753138075317,0.04000000000000001,1000,2925.62914040455,Models/HalfCitah_models/Adversarial_models/HalfCheetah_adversarial
RARL,1.4380753138075317,0.04000000000000001,1000,2911.664492509363,Models/HalfCitah_models/Adversarial_models/HalfCheetah_adversarial
RARL,1.4380753138075317,0.04000000000000001,1000,2862.3375703047286,Models/HalfCitah_models/Adversarial_models/HalfCheetah_adversarial
RARL,1.4380753138075317,0.04000000000000001,1000,-496.06529936190776,Models/HalfCitah_models/Adversarial_models/HalfCheetah_adversarial
RARL,1.4380753138075317,0.04000000000000001,1000,2804.312623932788,Models/HalfCitah_models/Adversarial_models/HalfCheetah_adversarial
RARL,1.4380753138075317,0.04000000000000001,1000,2673.9529902120853,Models/HalfCitah_models/Adversarial_models/HalfCheetah_adversarial
