algorithm,Mass,Friction,steps,reward,model
RARL,1.7256903765690381,0.16000000000000003,1000,2587.807835622469,Models/HalfCitah_models/Adversarial_models/HalfCheetah_adversarial
RARL,1.7256903765690381,0.16000000000000003,1000,2828.3898325863324,Models/HalfCitah_models/Adversarial_models/HalfCheetah_adversarial
RARL,1.7256903765690381,0.16000000000000003,1000,2868.465388693904,Models/HalfCitah_models/Adversarial_models/HalfCheetah_adversarial
RARL,1.7256903765690381,0.16000000000000003,1000,2531.2086084121647,Models/HalfCitah_models/Adversarial_models/HalfCheetah_adversarial
RARL,1.7256903765690381,0.16000000000000003,1000,2783.0172698907827,Models/HalfCitah_models/Adversarial_models/HalfCheetah_adversarial
RARL,1.7256903765690381,0.16000000000000003,1000,2859.6021174264033,Models/HalfCitah_models/Adversarial_models/HalfCheetah_adversarial
RARL,1.7256903765690381,0.16000000000000003,1000,2757.080790613879,Models/HalfCitah_models/Adversarial_models/HalfCheetah_adversarial
RARL,1.7256903765690381,0.16000000000000003,1000,2830.325817194028,Models/HalfCitah_models/Adversarial_models/HalfCheetah_adversarial
RARL,1.7256903765690381,0.16000000000000003,1000,2734.198398993429,Models/HalfCitah_models/Adversarial_models/HalfCheetah_adversarial
RARL,1.7256903765690381,0.16000000000000003,1000,2868.8040092566202,Models/HalfCitah_models/Adversarial_models/HalfCheetah_adversarial
RARL,1.7256903765690381,0.16000000000000003,1000,2596.2601493007837,Models/HalfCitah_models/Adversarial_models/HalfCheetah_adversarial
RARL,1.7256903765690381,0.16000000000000003,1000,2741.5373731220197,Models/HalfCitah_models/Adversarial_models/HalfCheetah_adversarial
RARL,1.7256903765690381,0.16000000000000003,1000,2224.9141732512603,Models/HalfCitah_models/Adversarial_models/HalfCheetah_adversarial
RARL,1.7256903765690381,0.16000000000000003,1000,2554.1090658706376,Models/HalfCitah_models/Adversarial_models/HalfCheetah_adversarial
RARL,1.7256903765690381,0.16000000000000003,1000,2656.2474159195344,Models/HalfCitah_models/Adversarial_models/HalfCheetah_adversarial
