algorithm,Mass,Friction,steps,reward,model
RARL,2.1571129707112977,0.32000000000000006,1000,2335.4004924353662,Models/HalfCitah_models/Adversarial_models/HalfCheetah_adversarial
RARL,2.1571129707112977,0.32000000000000006,1000,1990.466641460191,Models/HalfCitah_models/Adversarial_models/HalfCheetah_adversarial
RARL,2.1571129707112977,0.32000000000000006,1000,2335.4160244881396,Models/HalfCitah_models/Adversarial_models/HalfCheetah_adversarial
RARL,2.1571129707112977,0.32000000000000006,1000,2223.351918293215,Models/HalfCitah_models/Adversarial_models/HalfCheetah_adversarial
RARL,2.1571129707112977,0.32000000000000006,1000,2377.648678763754,Models/HalfCitah_models/Adversarial_models/HalfCheetah_adversarial
RARL,2.1571129707112977,0.32000000000000006,1000,2396.6347461480136,Models/HalfCitah_models/Adversarial_models/HalfCheetah_adversarial
RARL,2.1571129707112977,0.32000000000000006,1000,2249.7030147332753,Models/HalfCitah_models/Adversarial_models/HalfCheetah_adversarial
RARL,2.1571129707112977,0.32000000000000006,1000,2388.5878122177382,Models/HalfCitah_models/Adversarial_models/HalfCheetah_adversarial
RARL,2.1571129707112977,0.32000000000000006,1000,2091.5984381025028,Models/HalfCitah_models/Adversarial_models/HalfCheetah_adversarial
RARL,2.1571129707112977,0.32000000000000006,1000,2026.6952255161978,Models/HalfCitah_models/Adversarial_models/HalfCheetah_adversarial
RARL,2.1571129707112977,0.32000000000000006,1000,2291.179291211325,Models/HalfCitah_models/Adversarial_models/HalfCheetah_adversarial
RARL,2.1571129707112977,0.32000000000000006,1000,2368.803544717586,Models/HalfCitah_models/Adversarial_models/HalfCheetah_adversarial
RARL,2.1571129707112977,0.32000000000000006,1000,2390.469641167369,Models/HalfCitah_models/Adversarial_models/HalfCheetah_adversarial
RARL,2.1571129707112977,0.32000000000000006,1000,2354.544792151333,Models/HalfCitah_models/Adversarial_models/HalfCheetah_adversarial
RARL,2.1571129707112977,0.32000000000000006,1000,2133.1429059089405,Models/HalfCitah_models/Adversarial_models/HalfCheetah_adversarial
