algorithm,Mass,Friction,steps,reward,model
RARL,2.8761506276150635,0.32000000000000006,1000,1649.630678638789,Models/HalfCitah_models/Adversarial_models/HalfCheetah_adversarial
RARL,2.8761506276150635,0.32000000000000006,1000,1646.0520604239418,Models/HalfCitah_models/Adversarial_models/HalfCheetah_adversarial
RARL,2.8761506276150635,0.32000000000000006,1000,1710.1523825957743,Models/HalfCitah_models/Adversarial_models/HalfCheetah_adversarial
RARL,2.8761506276150635,0.32000000000000006,1000,1619.8831257246654,Models/HalfCitah_models/Adversarial_models/HalfCheetah_adversarial
RARL,2.8761506276150635,0.32000000000000006,1000,1744.6953233531883,Models/HalfCitah_models/Adversarial_models/HalfCheetah_adversarial
RARL,2.8761506276150635,0.32000000000000006,1000,1598.2501881384374,Models/HalfCitah_models/Adversarial_models/HalfCheetah_adversarial
RARL,2.8761506276150635,0.32000000000000006,1000,1496.9296701421545,Models/HalfCitah_models/Adversarial_models/HalfCheetah_adversarial
RARL,2.8761506276150635,0.32000000000000006,1000,1692.474229802448,Models/HalfCitah_models/Adversarial_models/HalfCheetah_adversarial
RARL,2.8761506276150635,0.32000000000000006,1000,244.27261600478505,Models/HalfCitah_models/Adversarial_models/HalfCheetah_adversarial
RARL,2.8761506276150635,0.32000000000000006,1000,1702.1207861578941,Models/HalfCitah_models/Adversarial_models/HalfCheetah_adversarial
RARL,2.8761506276150635,0.32000000000000006,1000,1649.7260430878541,Models/HalfCitah_models/Adversarial_models/HalfCheetah_adversarial
RARL,2.8761506276150635,0.32000000000000006,1000,1643.9215204243546,Models/HalfCitah_models/Adversarial_models/HalfCheetah_adversarial
RARL,2.8761506276150635,0.32000000000000006,1000,1818.2522060056665,Models/HalfCitah_models/Adversarial_models/HalfCheetah_adversarial
RARL,2.8761506276150635,0.32000000000000006,1000,1653.2888152124044,Models/HalfCitah_models/Adversarial_models/HalfCheetah_adversarial
RARL,2.8761506276150635,0.32000000000000006,1000,1593.9738304113175,Models/HalfCitah_models/Adversarial_models/HalfCheetah_adversarial
