algorithm,Mass,Friction,steps,reward,model
RARL,2.4447280334728037,0.32000000000000006,1000,2115.836746578135,Models/HalfCitah_models/Adversarial_models/HalfCheetah_adversarial
RARL,2.4447280334728037,0.32000000000000006,1000,1948.1587180052952,Models/HalfCitah_models/Adversarial_models/HalfCheetah_adversarial
RARL,2.4447280334728037,0.32000000000000006,1000,1974.3409757630175,Models/HalfCitah_models/Adversarial_models/HalfCheetah_adversarial
RARL,2.4447280334728037,0.32000000000000006,1000,2055.033616750945,Models/HalfCitah_models/Adversarial_models/HalfCheetah_adversarial
RARL,2.4447280334728037,0.32000000000000006,1000,1970.5427620851506,Models/HalfCitah_models/Adversarial_models/HalfCheetah_adversarial
RARL,2.4447280334728037,0.32000000000000006,1000,2032.1097940280779,Models/HalfCitah_models/Adversarial_models/HalfCheetah_adversarial
RARL,2.4447280334728037,0.32000000000000006,1000,2043.6037663649067,Models/HalfCitah_models/Adversarial_models/HalfCheetah_adversarial
RARL,2.4447280334728037,0.32000000000000006,1000,2005.2854010847982,Models/HalfCitah_models/Adversarial_models/HalfCheetah_adversarial
RARL,2.4447280334728037,0.32000000000000006,1000,2132.6972615358077,Models/HalfCitah_models/Adversarial_models/HalfCheetah_adversarial
RARL,2.4447280334728037,0.32000000000000006,1000,1649.3168425856213,Models/HalfCitah_models/Adversarial_models/HalfCheetah_adversarial
RARL,2.4447280334728037,0.32000000000000006,1000,1947.2150177558995,Models/HalfCitah_models/Adversarial_models/HalfCheetah_adversarial
RARL,2.4447280334728037,0.32000000000000006,1000,2133.4406934856797,Models/HalfCitah_models/Adversarial_models/HalfCheetah_adversarial
RARL,2.4447280334728037,0.32000000000000006,1000,1777.62601303766,Models/HalfCitah_models/Adversarial_models/HalfCheetah_adversarial
RARL,2.4447280334728037,0.32000000000000006,1000,2024.3719529202308,Models/HalfCitah_models/Adversarial_models/HalfCheetah_adversarial
RARL,2.4447280334728037,0.32000000000000006,1000,2019.193170660547,Models/HalfCitah_models/Adversarial_models/HalfCheetah_adversarial
