algorithm,Mass,Friction,steps,reward,model
RARL,2.7323430962343105,0.32000000000000006,1000,1079.3579642422076,Models/HalfCitah_models/Adversarial_models/HalfCheetah_adversarial
RARL,2.7323430962343105,0.32000000000000006,1000,1794.6559084679386,Models/HalfCitah_models/Adversarial_models/HalfCheetah_adversarial
RARL,2.7323430962343105,0.32000000000000006,1000,1793.7062057703993,Models/HalfCitah_models/Adversarial_models/HalfCheetah_adversarial
RARL,2.7323430962343105,0.32000000000000006,1000,1682.6651934045497,Models/HalfCitah_models/Adversarial_models/HalfCheetah_adversarial
RARL,2.7323430962343105,0.32000000000000006,1000,1758.393950101499,Models/HalfCitah_models/Adversarial_models/HalfCheetah_adversarial
RARL,2.7323430962343105,0.32000000000000006,1000,1848.524826278941,Models/HalfCitah_models/Adversarial_models/HalfCheetah_adversarial
RARL,2.7323430962343105,0.32000000000000006,1000,1758.2332057940425,Models/HalfCitah_models/Adversarial_models/HalfCheetah_adversarial
RARL,2.7323430962343105,0.32000000000000006,1000,1851.046506210168,Models/HalfCitah_models/Adversarial_models/HalfCheetah_adversarial
RARL,2.7323430962343105,0.32000000000000006,1000,1852.1732584090196,Models/HalfCitah_models/Adversarial_models/HalfCheetah_adversarial
RARL,2.7323430962343105,0.32000000000000006,1000,1775.927308826483,Models/HalfCitah_models/Adversarial_models/HalfCheetah_adversarial
RARL,2.7323430962343105,0.32000000000000006,1000,1113.0450562187557,Models/HalfCitah_models/Adversarial_models/HalfCheetah_adversarial
RARL,2.7323430962343105,0.32000000000000006,1000,1717.8198637613687,Models/HalfCitah_models/Adversarial_models/HalfCheetah_adversarial
RARL,2.7323430962343105,0.32000000000000006,1000,1827.1936493687413,Models/HalfCitah_models/Adversarial_models/HalfCheetah_adversarial
RARL,2.7323430962343105,0.32000000000000006,1000,1859.6831786598536,Models/HalfCitah_models/Adversarial_models/HalfCheetah_adversarial
RARL,2.7323430962343105,0.32000000000000006,1000,1803.3298277467447,Models/HalfCitah_models/Adversarial_models/HalfCheetah_adversarial
